Node Number	Total Deformation (m)
1	2.6749e-013
2	5.0019e-013
3	7.1388e-013
4	9.083e-013
5	1.0982e-012
6	1.2875e-012
7	1.4792e-012
8	1.6739e-012
9	1.8719e-012
10	2.0728e-012
11	2.2762e-012
12	2.3547e-013
13	4.6059e-013
14	6.741e-013
15	8.7343e-013
16	1.0688e-012
17	1.2632e-012
18	1.4589e-012
19	1.6569e-012
20	1.8571e-012
21	2.0597e-012
22	2.2641e-012
23	2.2498e-013
24	4.3983e-013
25	6.4806e-013
26	8.474e-013
27	1.0449e-012
28	1.2423e-012
29	1.441e-012
30	1.6415e-012
31	1.8438e-012
32	2.0478e-012
33	2.2533e-012
34	2.198e-013
35	4.2863e-013
36	6.3257e-013
37	8.3011e-013
38	1.0278e-012
39	1.2266e-012
40	1.4272e-012
41	1.6294e-012
42	1.8332e-012
43	2.0383e-012
44	2.2445e-012
45	2.1742e-013
46	4.232e-013
47	6.2444e-013
48	8.2039e-013
49	1.0177e-012
50	1.217e-012
51	1.4185e-012
52	1.6217e-012
53	1.8264e-012
54	2.0321e-012
55	2.2388e-012
56	2.1671e-013
57	4.2154e-013
58	6.219e-013
59	8.1727e-013
60	1.0144e-012
61	1.2138e-012
62	1.4155e-012
63	1.6191e-012
64	1.824e-012
65	2.03e-012
66	2.2368e-012
67	2.1742e-013
68	4.232e-013
69	6.2444e-013
70	8.2039e-013
71	1.0177e-012
72	1.217e-012
73	1.4185e-012
74	1.6217e-012
75	1.8264e-012
76	2.0321e-012
77	2.2388e-012
78	2.198e-013
79	4.2863e-013
80	6.3257e-013
81	8.3011e-013
82	1.0278e-012
83	1.2266e-012
84	1.4272e-012
85	1.6294e-012
86	1.8332e-012
87	2.0383e-012
88	2.2445e-012
89	2.2498e-013
90	4.3983e-013
91	6.4806e-013
92	8.474e-013
93	1.0449e-012
94	1.2423e-012
95	1.441e-012
96	1.6415e-012
97	1.8438e-012
98	2.0478e-012
99	2.2533e-012
100	2.3547e-013
101	4.6059e-013
102	6.741e-013
103	8.7343e-013
104	1.0688e-012
105	1.2632e-012
106	1.4589e-012
107	1.6569e-012
108	1.8571e-012
109	2.0597e-012
110	2.2641e-012
111	2.6749e-013
112	5.0019e-013
113	7.1388e-013
114	9.083e-013
115	1.0982e-012
116	1.2875e-012
117	1.4792e-012
118	1.6739e-012
119	1.8719e-012
120	2.0728e-012
121	2.2762e-012
122	2.3547e-013
123	4.6059e-013
124	6.741e-013
125	8.7343e-013
126	1.0688e-012
127	1.2632e-012
128	1.4589e-012
129	1.6569e-012
130	1.8571e-012
131	2.0597e-012
132	2.2641e-012
133	1.9865e-013
134	4.1624e-013
135	6.3069e-013
136	8.3629e-013
137	1.0381e-012
138	1.2381e-012
139	1.4384e-012
140	1.6397e-012
141	1.8424e-012
142	2.0466e-012
143	2.2523e-012
144	1.8601e-013
145	3.9243e-013
146	6.02e-013
147	8.0842e-013
148	1.013e-012
149	1.2166e-012
150	1.4202e-012
151	1.6243e-012
152	1.8291e-012
153	2.0349e-012
154	2.2415e-012
155	1.7948e-013
156	3.7941e-013
157	5.8483e-013
158	7.8989e-013
159	9.9516e-013
160	1.2005e-012
161	1.4061e-012
162	1.6121e-012
163	1.8186e-012
164	2.0255e-012
165	2.2329e-012
166	1.7642e-013
167	3.7302e-013
168	5.7579e-013
169	7.7947e-013
170	9.8462e-013
171	1.1906e-012
172	1.3973e-012
173	1.6044e-012
174	1.8118e-012
175	2.0194e-012
176	2.2274e-012
177	1.7548e-013
178	3.7107e-013
179	5.7296e-013
180	7.7612e-013
181	9.8116e-013
182	1.1873e-012
183	1.3943e-012
184	1.6018e-012
185	1.8094e-012
186	2.0173e-012
187	2.2254e-012
188	1.7642e-013
189	3.7302e-013
190	5.7579e-013
191	7.7947e-013
192	9.8462e-013
193	1.1906e-012
194	1.3973e-012
195	1.6044e-012
196	1.8118e-012
197	2.0194e-012
198	2.2274e-012
199	1.7948e-013
200	3.7941e-013
201	5.8483e-013
202	7.8989e-013
203	9.9516e-013
204	1.2005e-012
205	1.4061e-012
206	1.6121e-012
207	1.8186e-012
208	2.0255e-012
209	2.2329e-012
210	1.8601e-013
211	3.9243e-013
212	6.02e-013
213	8.0842e-013
214	1.013e-012
215	1.2166e-012
216	1.4202e-012
217	1.6243e-012
218	1.8291e-012
219	2.0349e-012
220	2.2415e-012
221	1.9865e-013
222	4.1624e-013
223	6.3069e-013
224	8.3629e-013
225	1.0381e-012
226	1.2381e-012
227	1.4384e-012
228	1.6397e-012
229	1.8424e-012
230	2.0466e-012
231	2.2523e-012
232	2.3547e-013
233	4.6059e-013
234	6.741e-013
235	8.7343e-013
236	1.0688e-012
237	1.2632e-012
238	1.4589e-012
239	1.6569e-012
240	1.8571e-012
241	2.0597e-012
242	2.2641e-012
243	2.2498e-013
244	4.3983e-013
245	6.4806e-013
246	8.474e-013
247	1.0449e-012
248	1.2423e-012
249	1.441e-012
250	1.6415e-012
251	1.8438e-012
252	2.0478e-012
253	2.2533e-012
254	1.8601e-013
255	3.9243e-013
256	6.02e-013
257	8.0842e-013
258	1.013e-012
259	1.2166e-012
260	1.4202e-012
261	1.6243e-012
262	1.8291e-012
263	2.0349e-012
264	2.2415e-012
265	1.7203e-013
266	3.6644e-013
267	5.7113e-013
268	7.7886e-013
269	9.8683e-013
270	1.1943e-012
271	1.4015e-012
272	1.6086e-012
273	1.8157e-012
274	2.0231e-012
275	2.2309e-012
276	1.6469e-013
277	3.5203e-013
278	5.5251e-013
279	7.5912e-013
280	9.6808e-013
281	1.1776e-012
282	1.3871e-012
283	1.5963e-012
284	1.8051e-012
285	2.0137e-012
286	2.2224e-012
287	1.6119e-013
288	3.4489e-013
289	5.4265e-013
290	7.4801e-013
291	9.5701e-013
292	1.1674e-012
293	1.3781e-012
294	1.5884e-012
295	1.7982e-012
296	2.0076e-012
297	2.2168e-012
298	1.6012e-013
299	3.427e-013
300	5.3956e-013
301	7.4443e-013
302	9.5337e-013
303	1.164e-012
304	1.375e-012
305	1.5857e-012
306	1.7959e-012
307	2.0055e-012
308	2.2149e-012
309	1.6119e-013
310	3.4489e-013
311	5.4265e-013
312	7.4801e-013
313	9.5701e-013
314	1.1674e-012
315	1.3781e-012
316	1.5884e-012
317	1.7982e-012
318	2.0076e-012
319	2.2168e-012
320	1.6469e-013
321	3.5203e-013
322	5.5251e-013
323	7.5912e-013
324	9.6808e-013
325	1.1776e-012
326	1.3871e-012
327	1.5963e-012
328	1.8051e-012
329	2.0137e-012
330	2.2224e-012
331	1.7203e-013
332	3.6644e-013
333	5.7113e-013
334	7.7886e-013
335	9.8683e-013
336	1.1943e-012
337	1.4015e-012
338	1.6086e-012
339	1.8157e-012
340	2.0231e-012
341	2.2309e-012
342	1.8601e-013
343	3.9243e-013
344	6.02e-013
345	8.0842e-013
346	1.013e-012
347	1.2166e-012
348	1.4202e-012
349	1.6243e-012
350	1.8291e-012
351	2.0349e-012
352	2.2415e-012
353	2.2498e-013
354	4.3983e-013
355	6.4806e-013
356	8.474e-013
357	1.0449e-012
358	1.2423e-012
359	1.441e-012
360	1.6415e-012
361	1.8438e-012
362	2.0478e-012
363	2.2533e-012
364	2.198e-013
365	4.2863e-013
366	6.3257e-013
367	8.3011e-013
368	1.0278e-012
369	1.2266e-012
370	1.4272e-012
371	1.6294e-012
372	1.8332e-012
373	2.0383e-012
374	2.2445e-012
375	1.7948e-013
376	3.7941e-013
377	5.8483e-013
378	7.8989e-013
379	9.9516e-013
380	1.2005e-012
381	1.4061e-012
382	1.6121e-012
383	1.8186e-012
384	2.0255e-012
385	2.2329e-012
386	1.6469e-013
387	3.5203e-013
388	5.5251e-013
389	7.5912e-013
390	9.6808e-013
391	1.1776e-012
392	1.3871e-012
393	1.5963e-012
394	1.8051e-012
395	2.0137e-012
396	2.2224e-012
397	1.5678e-013
398	3.3666e-013
399	5.3285e-013
400	7.3847e-013
401	9.4862e-013
402	1.1604e-012
403	1.3723e-012
404	1.5837e-012
405	1.7943e-012
406	2.0043e-012
407	2.2139e-012
408	1.5295e-013
409	3.2898e-013
410	5.2238e-013
411	7.268e-013
412	9.371e-013
413	1.1499e-012
414	1.3631e-012
415	1.5757e-012
416	1.7874e-012
417	1.9981e-012
418	2.2083e-012
419	1.5178e-013
420	3.2661e-013
421	5.1909e-013
422	7.2304e-013
423	9.3331e-013
424	1.1463e-012
425	1.3599e-012
426	1.573e-012
427	1.785e-012
428	1.996e-012
429	2.2064e-012
430	1.5295e-013
431	3.2898e-013
432	5.2238e-013
433	7.268e-013
434	9.371e-013
435	1.1499e-012
436	1.3631e-012
437	1.5757e-012
438	1.7874e-012
439	1.9981e-012
440	2.2083e-012
441	1.5678e-013
442	3.3666e-013
443	5.3285e-013
444	7.3847e-013
445	9.4862e-013
446	1.1604e-012
447	1.3723e-012
448	1.5837e-012
449	1.7943e-012
450	2.0043e-012
451	2.2139e-012
452	1.6469e-013
453	3.5203e-013
454	5.5251e-013
455	7.5912e-013
456	9.6808e-013
457	1.1776e-012
458	1.3871e-012
459	1.5963e-012
460	1.8051e-012
461	2.0137e-012
462	2.2224e-012
463	1.7948e-013
464	3.7941e-013
465	5.8483e-013
466	7.8989e-013
467	9.9516e-013
468	1.2005e-012
469	1.4061e-012
470	1.6121e-012
471	1.8186e-012
472	2.0255e-012
473	2.2329e-012
474	2.198e-013
475	4.2863e-013
476	6.3257e-013
477	8.3011e-013
478	1.0278e-012
479	1.2266e-012
480	1.4272e-012
481	1.6294e-012
482	1.8332e-012
483	2.0383e-012
484	2.2445e-012
485	2.1742e-013
486	4.232e-013
487	6.2444e-013
488	8.2039e-013
489	1.0177e-012
490	1.217e-012
491	1.4185e-012
492	1.6217e-012
493	1.8264e-012
494	2.0321e-012
495	2.2388e-012
496	1.7642e-013
497	3.7302e-013
498	5.7579e-013
499	7.7947e-013
500	9.8462e-013
501	1.1906e-012
502	1.3973e-012
503	1.6044e-012
504	1.8118e-012
505	2.0194e-012
506	2.2274e-012
507	1.6119e-013
508	3.4489e-013
509	5.4265e-013
510	7.4801e-013
511	9.5701e-013
512	1.1674e-012
513	1.3781e-012
514	1.5884e-012
515	1.7982e-012
516	2.0076e-012
517	2.2168e-012
518	1.5295e-013
519	3.2898e-013
520	5.2238e-013
521	7.268e-013
522	9.371e-013
523	1.1499e-012
524	1.3631e-012
525	1.5757e-012
526	1.7874e-012
527	1.9981e-012
528	2.2083e-012
529	1.4894e-013
530	3.2098e-013
531	5.1155e-013
532	7.1479e-013
533	9.253e-013
534	1.1391e-012
535	1.3537e-012
536	1.5676e-012
537	1.7804e-012
538	1.992e-012
539	2.2027e-012
540	1.4771e-013
541	3.1851e-013
542	5.0814e-013
543	7.1091e-013
544	9.2141e-013
545	1.1355e-012
546	1.3505e-012
547	1.5648e-012
548	1.778e-012
549	1.9898e-012
550	2.2008e-012
551	1.4894e-013
552	3.2098e-013
553	5.1155e-013
554	7.1479e-013
555	9.253e-013
556	1.1391e-012
557	1.3537e-012
558	1.5676e-012
559	1.7804e-012
560	1.992e-012
561	2.2027e-012
562	1.5295e-013
563	3.2898e-013
564	5.2238e-013
565	7.268e-013
566	9.371e-013
567	1.1499e-012
568	1.3631e-012
569	1.5757e-012
570	1.7874e-012
571	1.9981e-012
572	2.2083e-012
573	1.6119e-013
574	3.4489e-013
575	5.4265e-013
576	7.4801e-013
577	9.5701e-013
578	1.1674e-012
579	1.3781e-012
580	1.5884e-012
581	1.7982e-012
582	2.0076e-012
583	2.2168e-012
584	1.7642e-013
585	3.7302e-013
586	5.7579e-013
587	7.7947e-013
588	9.8462e-013
589	1.1906e-012
590	1.3973e-012
591	1.6044e-012
592	1.8118e-012
593	2.0194e-012
594	2.2274e-012
595	2.1742e-013
596	4.232e-013
597	6.2444e-013
598	8.2039e-013
599	1.0177e-012
600	1.217e-012
601	1.4185e-012
602	1.6217e-012
603	1.8264e-012
604	2.0321e-012
605	2.2388e-012
606	2.1671e-013
607	4.2154e-013
608	6.219e-013
609	8.1727e-013
610	1.0144e-012
611	1.2138e-012
612	1.4155e-012
613	1.6191e-012
614	1.824e-012
615	2.03e-012
616	2.2368e-012
617	1.7548e-013
618	3.7107e-013
619	5.7296e-013
620	7.7612e-013
621	9.8116e-013
622	1.1873e-012
623	1.3943e-012
624	1.6018e-012
625	1.8094e-012
626	2.0173e-012
627	2.2254e-012
628	1.6012e-013
629	3.427e-013
630	5.3956e-013
631	7.4443e-013
632	9.5337e-013
633	1.164e-012
634	1.375e-012
635	1.5857e-012
636	1.7959e-012
637	2.0055e-012
638	2.2149e-012
639	1.5178e-013
640	3.2661e-013
641	5.1909e-013
642	7.2304e-013
643	9.3331e-013
644	1.1463e-012
645	1.3599e-012
646	1.573e-012
647	1.785e-012
648	1.996e-012
649	2.2064e-012
650	1.4771e-013
651	3.1851e-013
652	5.0814e-013
653	7.1091e-013
654	9.2141e-013
655	1.1355e-012
656	1.3505e-012
657	1.5648e-012
658	1.778e-012
659	1.9898e-012
660	2.2008e-012
661	1.4645e-013
662	3.16e-013
663	5.0469e-013
664	7.07e-013
665	9.1749e-013
666	1.1319e-012
667	1.3472e-012
668	1.562e-012
669	1.7756e-012
670	1.9877e-012
671	2.1989e-012
672	1.4771e-013
673	3.1851e-013
674	5.0814e-013
675	7.1091e-013
676	9.2141e-013
677	1.1355e-012
678	1.3505e-012
679	1.5648e-012
680	1.778e-012
681	1.9898e-012
682	2.2008e-012
683	1.5178e-013
684	3.2661e-013
685	5.1909e-013
686	7.2304e-013
687	9.3331e-013
688	1.1463e-012
689	1.3599e-012
690	1.573e-012
691	1.785e-012
692	1.996e-012
693	2.2064e-012
694	1.6012e-013
695	3.427e-013
696	5.3956e-013
697	7.4443e-013
698	9.5337e-013
699	1.164e-012
700	1.375e-012
701	1.5857e-012
702	1.7959e-012
703	2.0055e-012
704	2.2149e-012
705	1.7548e-013
706	3.7107e-013
707	5.7296e-013
708	7.7612e-013
709	9.8116e-013
710	1.1873e-012
711	1.3943e-012
712	1.6018e-012
713	1.8094e-012
714	2.0173e-012
715	2.2254e-012
716	2.1671e-013
717	4.2154e-013
718	6.219e-013
719	8.1727e-013
720	1.0144e-012
721	1.2138e-012
722	1.4155e-012
723	1.6191e-012
724	1.824e-012
725	2.03e-012
726	2.2368e-012
727	2.1742e-013
728	4.232e-013
729	6.2444e-013
730	8.2039e-013
731	1.0177e-012
732	1.217e-012
733	1.4185e-012
734	1.6217e-012
735	1.8264e-012
736	2.0321e-012
737	2.2388e-012
738	1.7642e-013
739	3.7302e-013
740	5.7579e-013
741	7.7947e-013
742	9.8462e-013
743	1.1906e-012
744	1.3973e-012
745	1.6044e-012
746	1.8118e-012
747	2.0194e-012
748	2.2274e-012
749	1.6119e-013
750	3.4489e-013
751	5.4265e-013
752	7.4801e-013
753	9.5701e-013
754	1.1674e-012
755	1.3781e-012
756	1.5884e-012
757	1.7982e-012
758	2.0076e-012
759	2.2168e-012
760	1.5295e-013
761	3.2898e-013
762	5.2238e-013
763	7.268e-013
764	9.371e-013
765	1.1499e-012
766	1.3631e-012
767	1.5757e-012
768	1.7874e-012
769	1.9981e-012
770	2.2083e-012
771	1.4894e-013
772	3.2098e-013
773	5.1155e-013
774	7.1479e-013
775	9.253e-013
776	1.1391e-012
777	1.3537e-012
778	1.5676e-012
779	1.7804e-012
780	1.992e-012
781	2.2027e-012
782	1.4771e-013
783	3.1851e-013
784	5.0814e-013
785	7.1091e-013
786	9.2141e-013
787	1.1355e-012
788	1.3505e-012
789	1.5648e-012
790	1.778e-012
791	1.9898e-012
792	2.2008e-012
793	1.4894e-013
794	3.2098e-013
795	5.1155e-013
796	7.1479e-013
797	9.253e-013
798	1.1391e-012
799	1.3537e-012
800	1.5676e-012
801	1.7804e-012
802	1.992e-012
803	2.2027e-012
804	1.5295e-013
805	3.2898e-013
806	5.2238e-013
807	7.268e-013
808	9.371e-013
809	1.1499e-012
810	1.3631e-012
811	1.5757e-012
812	1.7874e-012
813	1.9981e-012
814	2.2083e-012
815	1.6119e-013
816	3.4489e-013
817	5.4265e-013
818	7.4801e-013
819	9.5701e-013
820	1.1674e-012
821	1.3781e-012
822	1.5884e-012
823	1.7982e-012
824	2.0076e-012
825	2.2168e-012
826	1.7642e-013
827	3.7302e-013
828	5.7579e-013
829	7.7947e-013
830	9.8462e-013
831	1.1906e-012
832	1.3973e-012
833	1.6044e-012
834	1.8118e-012
835	2.0194e-012
836	2.2274e-012
837	2.1742e-013
838	4.232e-013
839	6.2444e-013
840	8.2039e-013
841	1.0177e-012
842	1.217e-012
843	1.4185e-012
844	1.6217e-012
845	1.8264e-012
846	2.0321e-012
847	2.2388e-012
848	2.198e-013
849	4.2863e-013
850	6.3257e-013
851	8.3011e-013
852	1.0278e-012
853	1.2266e-012
854	1.4272e-012
855	1.6294e-012
856	1.8332e-012
857	2.0383e-012
858	2.2445e-012
859	1.7948e-013
860	3.7941e-013
861	5.8483e-013
862	7.8989e-013
863	9.9516e-013
864	1.2005e-012
865	1.4061e-012
866	1.6121e-012
867	1.8186e-012
868	2.0255e-012
869	2.2329e-012
870	1.6469e-013
871	3.5203e-013
872	5.5251e-013
873	7.5912e-013
874	9.6808e-013
875	1.1776e-012
876	1.3871e-012
877	1.5963e-012
878	1.8051e-012
879	2.0137e-012
880	2.2224e-012
881	1.5678e-013
882	3.3666e-013
883	5.3285e-013
884	7.3847e-013
885	9.4862e-013
886	1.1604e-012
887	1.3723e-012
888	1.5837e-012
889	1.7943e-012
890	2.0043e-012
891	2.2139e-012
892	1.5295e-013
893	3.2898e-013
894	5.2238e-013
895	7.268e-013
896	9.371e-013
897	1.1499e-012
898	1.3631e-012
899	1.5757e-012
900	1.7874e-012
901	1.9981e-012
902	2.2083e-012
903	1.5178e-013
904	3.2661e-013
905	5.1909e-013
906	7.2304e-013
907	9.3331e-013
908	1.1463e-012
909	1.3599e-012
910	1.573e-012
911	1.785e-012
912	1.996e-012
913	2.2064e-012
914	1.5295e-013
915	3.2898e-013
916	5.2238e-013
917	7.268e-013
918	9.371e-013
919	1.1499e-012
920	1.3631e-012
921	1.5757e-012
922	1.7874e-012
923	1.9981e-012
924	2.2083e-012
925	1.5678e-013
926	3.3666e-013
927	5.3285e-013
928	7.3847e-013
929	9.4862e-013
930	1.1604e-012
931	1.3723e-012
932	1.5837e-012
933	1.7943e-012
934	2.0043e-012
935	2.2139e-012
936	1.6469e-013
937	3.5203e-013
938	5.5251e-013
939	7.5912e-013
940	9.6808e-013
941	1.1776e-012
942	1.3871e-012
943	1.5963e-012
944	1.8051e-012
945	2.0137e-012
946	2.2224e-012
947	1.7948e-013
948	3.7941e-013
949	5.8483e-013
950	7.8989e-013
951	9.9516e-013
952	1.2005e-012
953	1.4061e-012
954	1.6121e-012
955	1.8186e-012
956	2.0255e-012
957	2.2329e-012
958	2.198e-013
959	4.2863e-013
960	6.3257e-013
961	8.3011e-013
962	1.0278e-012
963	1.2266e-012
964	1.4272e-012
965	1.6294e-012
966	1.8332e-012
967	2.0383e-012
968	2.2445e-012
969	2.2498e-013
970	4.3983e-013
971	6.4806e-013
972	8.474e-013
973	1.0449e-012
974	1.2423e-012
975	1.441e-012
976	1.6415e-012
977	1.8438e-012
978	2.0478e-012
979	2.2533e-012
980	1.8601e-013
981	3.9243e-013
982	6.02e-013
983	8.0842e-013
984	1.013e-012
985	1.2166e-012
986	1.4202e-012
987	1.6243e-012
988	1.8291e-012
989	2.0349e-012
990	2.2415e-012
991	1.7203e-013
992	3.6644e-013
993	5.7113e-013
994	7.7886e-013
995	9.8683e-013
996	1.1943e-012
997	1.4015e-012
998	1.6086e-012
999	1.8157e-012
1000	2.0231e-012
1001	2.2309e-012
1002	1.6469e-013
1003	3.5203e-013
1004	5.5251e-013
1005	7.5912e-013
1006	9.6808e-013
1007	1.1776e-012
1008	1.3871e-012
1009	1.5963e-012
1010	1.8051e-012
1011	2.0137e-012
1012	2.2224e-012
1013	1.6119e-013
1014	3.4489e-013
1015	5.4265e-013
1016	7.4801e-013
1017	9.5701e-013
1018	1.1674e-012
1019	1.3781e-012
1020	1.5884e-012
1021	1.7982e-012
1022	2.0076e-012
1023	2.2168e-012
1024	1.6012e-013
1025	3.427e-013
1026	5.3956e-013
1027	7.4443e-013
1028	9.5337e-013
1029	1.164e-012
1030	1.375e-012
1031	1.5857e-012
1032	1.7959e-012
1033	2.0055e-012
1034	2.2149e-012
1035	1.6119e-013
1036	3.4489e-013
1037	5.4265e-013
1038	7.4801e-013
1039	9.5701e-013
1040	1.1674e-012
1041	1.3781e-012
1042	1.5884e-012
1043	1.7982e-012
1044	2.0076e-012
1045	2.2168e-012
1046	1.6469e-013
1047	3.5203e-013
1048	5.5251e-013
1049	7.5912e-013
1050	9.6808e-013
1051	1.1776e-012
1052	1.3871e-012
1053	1.5963e-012
1054	1.8051e-012
1055	2.0137e-012
1056	2.2224e-012
1057	1.7203e-013
1058	3.6644e-013
1059	5.7113e-013
1060	7.7886e-013
1061	9.8683e-013
1062	1.1943e-012
1063	1.4015e-012
1064	1.6086e-012
1065	1.8157e-012
1066	2.0231e-012
1067	2.2309e-012
1068	1.8601e-013
1069	3.9243e-013
1070	6.02e-013
1071	8.0842e-013
1072	1.013e-012
1073	1.2166e-012
1074	1.4202e-012
1075	1.6243e-012
1076	1.8291e-012
1077	2.0349e-012
1078	2.2415e-012
1079	2.2498e-013
1080	4.3983e-013
1081	6.4806e-013
1082	8.474e-013
1083	1.0449e-012
1084	1.2423e-012
1085	1.441e-012
1086	1.6415e-012
1087	1.8438e-012
1088	2.0478e-012
1089	2.2533e-012
1090	2.3547e-013
1091	4.6059e-013
1092	6.741e-013
1093	8.7343e-013
1094	1.0688e-012
1095	1.2632e-012
1096	1.4589e-012
1097	1.6569e-012
1098	1.8571e-012
1099	2.0597e-012
1100	2.2641e-012
1101	1.9865e-013
1102	4.1624e-013
1103	6.3069e-013
1104	8.3629e-013
1105	1.0381e-012
1106	1.2381e-012
1107	1.4384e-012
1108	1.6397e-012
1109	1.8424e-012
1110	2.0466e-012
1111	2.2523e-012
1112	1.8601e-013
1113	3.9243e-013
1114	6.02e-013
1115	8.0842e-013
1116	1.013e-012
1117	1.2166e-012
1118	1.4202e-012
1119	1.6243e-012
1120	1.8291e-012
1121	2.0349e-012
1122	2.2415e-012
1123	1.7948e-013
1124	3.7941e-013
1125	5.8483e-013
1126	7.8989e-013
1127	9.9516e-013
1128	1.2005e-012
1129	1.4061e-012
1130	1.6121e-012
1131	1.8186e-012
1132	2.0255e-012
1133	2.2329e-012
1134	1.7642e-013
1135	3.7302e-013
1136	5.7579e-013
1137	7.7947e-013
1138	9.8462e-013
1139	1.1906e-012
1140	1.3973e-012
1141	1.6044e-012
1142	1.8118e-012
1143	2.0194e-012
1144	2.2274e-012
1145	1.7548e-013
1146	3.7107e-013
1147	5.7296e-013
1148	7.7612e-013
1149	9.8116e-013
1150	1.1873e-012
1151	1.3943e-012
1152	1.6018e-012
1153	1.8094e-012
1154	2.0173e-012
1155	2.2254e-012
1156	1.7642e-013
1157	3.7302e-013
1158	5.7579e-013
1159	7.7947e-013
1160	9.8462e-013
1161	1.1906e-012
1162	1.3973e-012
1163	1.6044e-012
1164	1.8118e-012
1165	2.0194e-012
1166	2.2274e-012
1167	1.7948e-013
1168	3.7941e-013
1169	5.8483e-013
1170	7.8989e-013
1171	9.9516e-013
1172	1.2005e-012
1173	1.4061e-012
1174	1.6121e-012
1175	1.8186e-012
1176	2.0255e-012
1177	2.2329e-012
1178	1.8601e-013
1179	3.9243e-013
1180	6.02e-013
1181	8.0842e-013
1182	1.013e-012
1183	1.2166e-012
1184	1.4202e-012
1185	1.6243e-012
1186	1.8291e-012
1187	2.0349e-012
1188	2.2415e-012
1189	1.9865e-013
1190	4.1624e-013
1191	6.3069e-013
1192	8.3629e-013
1193	1.0381e-012
1194	1.2381e-012
1195	1.4384e-012
1196	1.6397e-012
1197	1.8424e-012
1198	2.0466e-012
1199	2.2523e-012
1200	2.3547e-013
1201	4.6059e-013
1202	6.741e-013
1203	8.7343e-013
1204	1.0688e-012
1205	1.2632e-012
1206	1.4589e-012
1207	1.6569e-012
1208	1.8571e-012
1209	2.0597e-012
1210	2.2641e-012
1211	2.6749e-013
1212	5.0019e-013
1213	7.1388e-013
1214	9.083e-013
1215	1.0982e-012
1216	1.2875e-012
1217	1.4792e-012
1218	1.6739e-012
1219	1.8719e-012
1220	2.0728e-012
1221	2.2762e-012
1222	2.3547e-013
1223	4.6059e-013
1224	6.741e-013
1225	8.7343e-013
1226	1.0688e-012
1227	1.2632e-012
1228	1.4589e-012
1229	1.6569e-012
1230	1.8571e-012
1231	2.0597e-012
1232	2.2641e-012
1233	2.2498e-013
1234	4.3983e-013
1235	6.4806e-013
1236	8.474e-013
1237	1.0449e-012
1238	1.2423e-012
1239	1.441e-012
1240	1.6415e-012
1241	1.8438e-012
1242	2.0478e-012
1243	2.2533e-012
1244	2.198e-013
1245	4.2863e-013
1246	6.3257e-013
1247	8.3011e-013
1248	1.0278e-012
1249	1.2266e-012
1250	1.4272e-012
1251	1.6294e-012
1252	1.8332e-012
1253	2.0383e-012
1254	2.2445e-012
1255	2.1742e-013
1256	4.232e-013
1257	6.2444e-013
1258	8.2039e-013
1259	1.0177e-012
1260	1.217e-012
1261	1.4185e-012
1262	1.6217e-012
1263	1.8264e-012
1264	2.0321e-012
1265	2.2388e-012
1266	2.1671e-013
1267	4.2154e-013
1268	6.219e-013
1269	8.1727e-013
1270	1.0144e-012
1271	1.2138e-012
1272	1.4155e-012
1273	1.6191e-012
1274	1.824e-012
1275	2.03e-012
1276	2.2368e-012
1277	2.1742e-013
1278	4.232e-013
1279	6.2444e-013
1280	8.2039e-013
1281	1.0177e-012
1282	1.217e-012
1283	1.4185e-012
1284	1.6217e-012
1285	1.8264e-012
1286	2.0321e-012
1287	2.2388e-012
1288	2.198e-013
1289	4.2863e-013
1290	6.3257e-013
1291	8.3011e-013
1292	1.0278e-012
1293	1.2266e-012
1294	1.4272e-012
1295	1.6294e-012
1296	1.8332e-012
1297	2.0383e-012
1298	2.2445e-012
1299	2.2498e-013
1300	4.3983e-013
1301	6.4806e-013
1302	8.474e-013
1303	1.0449e-012
1304	1.2423e-012
1305	1.441e-012
1306	1.6415e-012
1307	1.8438e-012
1308	2.0478e-012
1309	2.2533e-012
1310	2.3547e-013
1311	4.6059e-013
1312	6.741e-013
1313	8.7343e-013
1314	1.0688e-012
1315	1.2632e-012
1316	1.4589e-012
1317	1.6569e-012
1318	1.8571e-012
1319	2.0597e-012
1320	2.2641e-012
1321	2.6749e-013
1322	5.0019e-013
1323	7.1388e-013
1324	9.083e-013
1325	1.0982e-012
1326	1.2875e-012
1327	1.4792e-012
1328	1.6739e-012
1329	1.8719e-012
1330	2.0728e-012
1331	2.2762e-012
1332	0.
1333	0.
1334	0.
1335	0.
1336	0.
1337	0.
1338	0.
1339	0.
1340	0.
1341	0.
1342	0.
1343	0.
1344	0.
1345	0.
1346	0.
1347	0.
1348	0.
1349	0.
1350	0.
1351	0.
1352	0.
1353	0.
1354	0.
1355	0.
1356	0.
1357	0.
1358	0.
1359	0.
1360	0.
1361	0.
1362	0.
1363	0.
1364	0.
1365	0.
1366	0.
1367	0.
1368	0.
1369	0.
1370	0.
1371	0.
1372	0.
1373	0.
1374	0.
1375	0.
1376	0.
1377	0.
1378	0.
1379	0.
1380	0.
1381	0.
1382	0.
1383	0.
1384	0.
1385	0.
1386	0.
1387	0.
1388	0.
1389	0.
1390	0.
1391	0.
1392	0.
1393	0.
1394	0.
1395	0.
1396	0.
1397	0.
1398	0.
1399	0.
1400	0.
1401	0.
1402	0.
1403	0.
1404	0.
1405	0.
1406	0.
1407	0.
1408	0.
1409	0.
1410	0.
1411	0.
1412	0.
1413	0.
1414	0.
1415	0.
1416	0.
1417	0.
1418	0.
1419	0.
1420	0.
1421	0.
1422	0.
1423	0.
1424	0.
1425	0.
1426	0.
1427	0.
1428	0.
1429	0.
1430	0.
1431	0.
1432	0.
1433	0.
1434	0.
1435	0.
1436	0.
1437	0.
1438	0.
1439	0.
1440	0.
1441	0.
1442	0.
1443	0.
1444	0.
1445	0.
1446	0.
1447	0.
1448	0.
1449	0.
1450	0.
1451	0.
1452	0.
1453	2.4814e-012
1454	2.4701e-012
1455	2.4599e-012
1456	2.4517e-012
1457	2.4464e-012
1458	2.4445e-012
1459	2.4464e-012
1460	2.4517e-012
1461	2.4599e-012
1462	2.4701e-012
1463	2.4814e-012
1464	2.4701e-012
1465	2.4591e-012
1466	2.4492e-012
1467	2.4412e-012
1468	2.436e-012
1469	2.4342e-012
1470	2.436e-012
1471	2.4412e-012
1472	2.4492e-012
1473	2.4591e-012
1474	2.4701e-012
1475	2.4599e-012
1476	2.4492e-012
1477	2.4394e-012
1478	2.4315e-012
1479	2.4264e-012
1480	2.4246e-012
1481	2.4264e-012
1482	2.4315e-012
1483	2.4394e-012
1484	2.4492e-012
1485	2.4599e-012
1486	2.4517e-012
1487	2.4412e-012
1488	2.4315e-012
1489	2.4237e-012
1490	2.4186e-012
1491	2.4168e-012
1492	2.4186e-012
1493	2.4237e-012
1494	2.4315e-012
1495	2.4412e-012
1496	2.4517e-012
1497	2.4464e-012
1498	2.436e-012
1499	2.4264e-012
1500	2.4186e-012
1501	2.4135e-012
1502	2.4117e-012
1503	2.4135e-012
1504	2.4186e-012
1505	2.4264e-012
1506	2.436e-012
1507	2.4464e-012
1508	2.4445e-012
1509	2.4342e-012
1510	2.4246e-012
1511	2.4168e-012
1512	2.4117e-012
1513	2.41e-012
1514	2.4117e-012
1515	2.4168e-012
1516	2.4246e-012
1517	2.4342e-012
1518	2.4445e-012
1519	2.4464e-012
1520	2.436e-012
1521	2.4264e-012
1522	2.4186e-012
1523	2.4135e-012
1524	2.4117e-012
1525	2.4135e-012
1526	2.4186e-012
1527	2.4264e-012
1528	2.436e-012
1529	2.4464e-012
1530	2.4517e-012
1531	2.4412e-012
1532	2.4315e-012
1533	2.4237e-012
1534	2.4186e-012
1535	2.4168e-012
1536	2.4186e-012
1537	2.4237e-012
1538	2.4315e-012
1539	2.4412e-012
1540	2.4517e-012
1541	2.4599e-012
1542	2.4492e-012
1543	2.4394e-012
1544	2.4315e-012
1545	2.4264e-012
1546	2.4246e-012
1547	2.4264e-012
1548	2.4315e-012
1549	2.4394e-012
1550	2.4492e-012
1551	2.4599e-012
1552	2.4701e-012
1553	2.4591e-012
1554	2.4492e-012
1555	2.4412e-012
1556	2.436e-012
1557	2.4342e-012
1558	2.436e-012
1559	2.4412e-012
1560	2.4492e-012
1561	2.4591e-012
1562	2.4701e-012
1563	2.4814e-012
1564	2.4701e-012
1565	2.4599e-012
1566	2.4517e-012
1567	2.4464e-012
1568	2.4445e-012
1569	2.4464e-012
1570	2.4517e-012
1571	2.4599e-012
1572	2.4701e-012
1573	2.4814e-012
1574	2.4936e-012
1575	2.482e-012
1576	2.4714e-012
1577	2.4628e-012
1578	2.4572e-012
1579	2.4552e-012
1580	2.4572e-012
1581	2.4628e-012
1582	2.4714e-012
1583	2.482e-012
1584	2.4936e-012
1585	2.5058e-012
1586	2.4936e-012
1587	2.482e-012
1588	2.4714e-012
1589	2.4628e-012
1590	2.4572e-012
1591	2.4552e-012
1592	2.4572e-012
1593	2.4628e-012
1594	2.4714e-012
1595	2.482e-012
1596	2.4936e-012
1597	2.5058e-012
1598	2.4936e-012
1599	2.482e-012
1600	2.4714e-012
1601	2.4628e-012
1602	2.4572e-012
1603	2.4552e-012
1604	2.4572e-012
1605	2.4628e-012
1606	2.4714e-012
1607	2.482e-012
1608	2.4936e-012
1609	2.5058e-012
1610	2.4936e-012
1611	2.482e-012
1612	2.4714e-012
1613	2.4628e-012
1614	2.4572e-012
1615	2.4552e-012
1616	2.4572e-012
1617	2.4628e-012
1618	2.4714e-012
1619	2.482e-012
1620	2.4936e-012
1621	2.5058e-012
1622	2.289e-012
1623	2.0863e-012
1624	1.8867e-012
1625	1.6909e-012
1626	1.4994e-012
1627	1.3125e-012
1628	1.1297e-012
1629	9.487e-013
1630	7.6568e-013
1631	5.6771e-013
1632	3.4592e-013
1633	2.2767e-012
1634	2.0729e-012
1635	1.8718e-012
1636	1.6737e-012
1637	1.4792e-012
1638	1.2885e-012
1639	1.1011e-012
1640	9.1551e-013
1641	7.29e-013
1642	5.3298e-013
1643	3.1918e-013
1644	2.2654e-012
1645	2.0608e-012
1646	1.8582e-012
1647	1.6581e-012
1648	1.4612e-012
1649	1.2676e-012
1650	1.0776e-012
1651	8.9058e-013
1652	7.0514e-013
1653	5.1566e-013
1654	3.1196e-013
1655	2.2564e-012
1656	2.051e-012
1657	1.8473e-012
1658	1.6458e-012
1659	1.4471e-012
1660	1.2519e-012
1661	1.0608e-012
1662	8.7403e-013
1663	6.9108e-013
1664	5.0651e-013
1665	3.086e-013
1666	2.2504e-012
1667	2.0446e-012
1668	1.8402e-012
1669	1.6379e-012
1670	1.4383e-012
1671	1.2422e-012
1672	1.0508e-012
1673	8.6473e-013
1674	6.8378e-013
1675	5.0222e-013
1676	3.0722e-013
1677	2.2484e-012
1678	2.0424e-012
1679	1.8378e-012
1680	1.6352e-012
1681	1.4352e-012
1682	1.239e-012
1683	1.0475e-012
1684	8.6175e-013
1685	6.815e-013
1686	5.0093e-013
1687	3.0682e-013
1688	2.2504e-012
1689	2.0446e-012
1690	1.8402e-012
1691	1.6379e-012
1692	1.4383e-012
1693	1.2422e-012
1694	1.0508e-012
1695	8.6473e-013
1696	6.8378e-013
1697	5.0222e-013
1698	3.0722e-013
1699	2.2564e-012
1700	2.051e-012
1701	1.8473e-012
1702	1.6458e-012
1703	1.4471e-012
1704	1.2519e-012
1705	1.0608e-012
1706	8.7403e-013
1707	6.9108e-013
1708	5.0651e-013
1709	3.086e-013
1710	2.2654e-012
1711	2.0608e-012
1712	1.8582e-012
1713	1.6581e-012
1714	1.4612e-012
1715	1.2676e-012
1716	1.0776e-012
1717	8.9058e-013
1718	7.0514e-013
1719	5.1566e-013
1720	3.1196e-013
1721	2.2767e-012
1722	2.0729e-012
1723	1.8718e-012
1724	1.6737e-012
1725	1.4792e-012
1726	1.2885e-012
1727	1.1011e-012
1728	9.1551e-013
1729	7.29e-013
1730	5.3298e-013
1731	3.1918e-013
1732	2.289e-012
1733	2.0863e-012
1734	1.8867e-012
1735	1.6909e-012
1736	1.4994e-012
1737	1.3125e-012
1738	1.1297e-012
1739	9.487e-013
1740	7.6568e-013
1741	5.6771e-013
1742	3.4592e-013
1743	0.
1744	0.
1745	0.
1746	0.
1747	0.
1748	0.
1749	0.
1750	0.
1751	0.
1752	0.
1753	0.
1754	0.
1755	4.0848e-013
1756	6.283e-013
1757	8.1316e-013
1758	9.8685e-013
1759	1.1599e-012
1760	1.3369e-012
1761	1.5194e-012
1762	1.7077e-012
1763	1.9015e-012
1764	2.0999e-012
1765	2.3018e-012
1766	0.
1767	4.0848e-013
1768	6.283e-013
1769	8.1316e-013
1770	9.8685e-013
1771	1.1599e-012
1772	1.3369e-012
1773	1.5194e-012
1774	1.7077e-012
1775	1.9015e-012
1776	2.0999e-012
1777	2.3018e-012
1778	3.4592e-013
1779	3.1918e-013
1780	3.1196e-013
1781	3.086e-013
1782	3.0722e-013
1783	3.0682e-013
1784	3.0722e-013
1785	3.086e-013
1786	3.1196e-013
1787	3.1918e-013
1788	3.4592e-013
1789	5.6771e-013
1790	5.3298e-013
1791	5.1566e-013
1792	5.0651e-013
1793	5.0222e-013
1794	5.0093e-013
1795	5.0222e-013
1796	5.0651e-013
1797	5.1566e-013
1798	5.3298e-013
1799	5.6771e-013
1800	7.6568e-013
1801	7.29e-013
1802	7.0514e-013
1803	6.9108e-013
1804	6.8378e-013
1805	6.815e-013
1806	6.8378e-013
1807	6.9108e-013
1808	7.0514e-013
1809	7.29e-013
1810	7.6568e-013
1811	9.487e-013
1812	9.1551e-013
1813	8.9058e-013
1814	8.7403e-013
1815	8.6473e-013
1816	8.6175e-013
1817	8.6473e-013
1818	8.7403e-013
1819	8.9058e-013
1820	9.1551e-013
1821	9.487e-013
1822	1.1297e-012
1823	1.1011e-012
1824	1.0776e-012
1825	1.0608e-012
1826	1.0508e-012
1827	1.0475e-012
1828	1.0508e-012
1829	1.0608e-012
1830	1.0776e-012
1831	1.1011e-012
1832	1.1297e-012
1833	1.3125e-012
1834	1.2885e-012
1835	1.2676e-012
1836	1.2519e-012
1837	1.2422e-012
1838	1.239e-012
1839	1.2422e-012
1840	1.2519e-012
1841	1.2676e-012
1842	1.2885e-012
1843	1.3125e-012
1844	1.4994e-012
1845	1.4792e-012
1846	1.4612e-012
1847	1.4471e-012
1848	1.4383e-012
1849	1.4352e-012
1850	1.4383e-012
1851	1.4471e-012
1852	1.4612e-012
1853	1.4792e-012
1854	1.4994e-012
1855	1.6909e-012
1856	1.6737e-012
1857	1.6581e-012
1858	1.6458e-012
1859	1.6379e-012
1860	1.6352e-012
1861	1.6379e-012
1862	1.6458e-012
1863	1.6581e-012
1864	1.6737e-012
1865	1.6909e-012
1866	1.8867e-012
1867	1.8718e-012
1868	1.8582e-012
1869	1.8473e-012
1870	1.8402e-012
1871	1.8378e-012
1872	1.8402e-012
1873	1.8473e-012
1874	1.8582e-012
1875	1.8718e-012
1876	1.8867e-012
1877	2.0863e-012
1878	2.0729e-012
1879	2.0608e-012
1880	2.051e-012
1881	2.0446e-012
1882	2.0424e-012
1883	2.0446e-012
1884	2.051e-012
1885	2.0608e-012
1886	2.0729e-012
1887	2.0863e-012
1888	2.289e-012
1889	2.2767e-012
1890	2.2654e-012
1891	2.2564e-012
1892	2.2504e-012
1893	2.2484e-012
1894	2.2504e-012
1895	2.2564e-012
1896	2.2654e-012
1897	2.2767e-012
1898	2.289e-012
1899	0.
1900	0.
1901	0.
1902	0.
1903	0.
1904	0.
1905	0.
1906	0.
1907	0.
1908	0.
1909	0.
1910	0.
1911	4.0848e-013
1912	6.283e-013
1913	8.1316e-013
1914	9.8685e-013
1915	1.1599e-012
1916	1.3369e-012
1917	1.5194e-012
1918	1.7077e-012
1919	1.9015e-012
1920	2.0999e-012
1921	2.3018e-012
1922	3.4592e-013
1923	3.1918e-013
1924	3.1196e-013
1925	3.086e-013
1926	3.0722e-013
1927	3.0682e-013
1928	3.0722e-013
1929	3.086e-013
1930	3.1196e-013
1931	3.1918e-013
1932	3.4592e-013
1933	5.6771e-013
1934	5.3298e-013
1935	5.1566e-013
1936	5.0651e-013
1937	5.0222e-013
1938	5.0093e-013
1939	5.0222e-013
1940	5.0651e-013
1941	5.1566e-013
1942	5.3298e-013
1943	5.6771e-013
1944	7.6568e-013
1945	7.29e-013
1946	7.0514e-013
1947	6.9108e-013
1948	6.8378e-013
1949	6.815e-013
1950	6.8378e-013
1951	6.9108e-013
1952	7.0514e-013
1953	7.29e-013
1954	7.6568e-013
1955	9.487e-013
1956	9.1551e-013
1957	8.9058e-013
1958	8.7403e-013
1959	8.6473e-013
1960	8.6175e-013
1961	8.6473e-013
1962	8.7403e-013
1963	8.9058e-013
1964	9.1551e-013
1965	9.487e-013
1966	1.1297e-012
1967	1.1011e-012
1968	1.0776e-012
1969	1.0608e-012
1970	1.0508e-012
1971	1.0475e-012
1972	1.0508e-012
1973	1.0608e-012
1974	1.0776e-012
1975	1.1011e-012
1976	1.1297e-012
1977	1.3125e-012
1978	1.2885e-012
1979	1.2676e-012
1980	1.2519e-012
1981	1.2422e-012
1982	1.239e-012
1983	1.2422e-012
1984	1.2519e-012
1985	1.2676e-012
1986	1.2885e-012
1987	1.3125e-012
1988	1.4994e-012
1989	1.4792e-012
1990	1.4612e-012
1991	1.4471e-012
1992	1.4383e-012
1993	1.4352e-012
1994	1.4383e-012
1995	1.4471e-012
1996	1.4612e-012
1997	1.4792e-012
1998	1.4994e-012
1999	1.6909e-012
2000	1.6737e-012
2001	1.6581e-012
2002	1.6458e-012
2003	1.6379e-012
2004	1.6352e-012
2005	1.6379e-012
2006	1.6458e-012
2007	1.6581e-012
2008	1.6737e-012
2009	1.6909e-012
2010	1.8867e-012
2011	1.8718e-012
2012	1.8582e-012
2013	1.8473e-012
2014	1.8402e-012
2015	1.8378e-012
2016	1.8402e-012
2017	1.8473e-012
2018	1.8582e-012
2019	1.8718e-012
2020	1.8867e-012
2021	2.0863e-012
2022	2.0729e-012
2023	2.0608e-012
2024	2.051e-012
2025	2.0446e-012
2026	2.0424e-012
2027	2.0446e-012
2028	2.051e-012
2029	2.0608e-012
2030	2.0729e-012
2031	2.0863e-012
2032	2.289e-012
2033	2.2767e-012
2034	2.2654e-012
2035	2.2564e-012
2036	2.2504e-012
2037	2.2484e-012
2038	2.2504e-012
2039	2.2564e-012
2040	2.2654e-012
2041	2.2767e-012
2042	2.289e-012
2043	0.
2044	0.
2045	0.
2046	0.
2047	0.
2048	0.
2049	0.
2050	0.
2051	0.
2052	0.
2053	0.
2054	0.
2055	4.0848e-013
2056	6.283e-013
2057	8.1316e-013
2058	9.8685e-013
2059	1.1599e-012
2060	1.3369e-012
2061	1.5194e-012
2062	1.7077e-012
2063	1.9015e-012
2064	2.0999e-012
2065	2.3018e-012
2066	2.289e-012
2067	2.2767e-012
2068	2.2654e-012
2069	2.2564e-012
2070	2.2504e-012
2071	2.2484e-012
2072	2.2504e-012
2073	2.2564e-012
2074	2.2654e-012
2075	2.2767e-012
2076	2.289e-012
2077	2.0863e-012
2078	2.0729e-012
2079	2.0608e-012
2080	2.051e-012
2081	2.0446e-012
2082	2.0424e-012
2083	2.0446e-012
2084	2.051e-012
2085	2.0608e-012
2086	2.0729e-012
2087	2.0863e-012
2088	1.8867e-012
2089	1.8718e-012
2090	1.8582e-012
2091	1.8473e-012
2092	1.8402e-012
2093	1.8378e-012
2094	1.8402e-012
2095	1.8473e-012
2096	1.8582e-012
2097	1.8718e-012
2098	1.8867e-012
2099	1.6909e-012
2100	1.6737e-012
2101	1.6581e-012
2102	1.6458e-012
2103	1.6379e-012
2104	1.6352e-012
2105	1.6379e-012
2106	1.6458e-012
2107	1.6581e-012
2108	1.6737e-012
2109	1.6909e-012
2110	1.4994e-012
2111	1.4792e-012
2112	1.4612e-012
2113	1.4471e-012
2114	1.4383e-012
2115	1.4352e-012
2116	1.4383e-012
2117	1.4471e-012
2118	1.4612e-012
2119	1.4792e-012
2120	1.4994e-012
2121	1.3125e-012
2122	1.2885e-012
2123	1.2676e-012
2124	1.2519e-012
2125	1.2422e-012
2126	1.239e-012
2127	1.2422e-012
2128	1.2519e-012
2129	1.2676e-012
2130	1.2885e-012
2131	1.3125e-012
2132	1.1297e-012
2133	1.1011e-012
2134	1.0776e-012
2135	1.0608e-012
2136	1.0508e-012
2137	1.0475e-012
2138	1.0508e-012
2139	1.0608e-012
2140	1.0776e-012
2141	1.1011e-012
2142	1.1297e-012
2143	9.487e-013
2144	9.1551e-013
2145	8.9058e-013
2146	8.7403e-013
2147	8.6473e-013
2148	8.6175e-013
2149	8.6473e-013
2150	8.7403e-013
2151	8.9058e-013
2152	9.1551e-013
2153	9.487e-013
2154	7.6568e-013
2155	7.29e-013
2156	7.0514e-013
2157	6.9108e-013
2158	6.8378e-013
2159	6.815e-013
2160	6.8378e-013
2161	6.9108e-013
2162	7.0514e-013
2163	7.29e-013
2164	7.6568e-013
2165	5.6771e-013
2166	5.3298e-013
2167	5.1566e-013
2168	5.0651e-013
2169	5.0222e-013
2170	5.0093e-013
2171	5.0222e-013
2172	5.0651e-013
2173	5.1566e-013
2174	5.3298e-013
2175	5.6771e-013
2176	3.4592e-013
2177	3.1918e-013
2178	3.1196e-013
2179	3.086e-013
2180	3.0722e-013
2181	3.0682e-013
2182	3.0722e-013
2183	3.086e-013
2184	3.1196e-013
2185	3.1918e-013
2186	3.4592e-013
2187	0.
2188	0.
2189	0.
2190	0.
2191	0.
2192	0.
2193	0.
2194	0.
2195	0.
2196	0.
2197	0.
2198	3.8637e-013
2199	2.4605e-013
2200	2.4605e-013
2201	1.2141e-013
2202	2.9064e-013
2203	2.9064e-013
2204	6.1044e-013
2205	4.7822e-013
2206	4.7822e-013
2207	5.3311e-013
2208	5.3311e-013
2209	8.1232e-013
2210	6.9186e-013
2211	6.9186e-013
2212	7.3841e-013
2213	7.3841e-013
2214	1.0036e-012
2215	8.9e-013
2216	8.9e-013
2217	9.2833e-013
2218	9.2833e-013
2219	1.1927e-012
2220	1.0829e-012
2221	1.0829e-012
2222	1.1139e-012
2223	1.1139e-012
2224	1.383e-012
2225	1.2751e-012
2226	1.2751e-012
2227	1.3002e-012
2228	1.3002e-012
2229	1.5762e-012
2230	1.4689e-012
2231	1.4689e-012
2232	1.4895e-012
2233	1.4895e-012
2234	1.7725e-012
2235	1.6653e-012
2236	1.6653e-012
2237	1.6825e-012
2238	1.6825e-012
2239	1.972e-012
2240	1.8644e-012
2241	1.8644e-012
2242	1.8794e-012
2243	1.8794e-012
2244	2.1742e-012
2245	2.0661e-012
2246	2.0661e-012
2247	2.0796e-012
2248	2.0796e-012
2249	2.2701e-012
2250	2.2701e-012
2251	2.3787e-012
2252	2.2825e-012
2253	2.2825e-012
2254	3.495e-013
2255	2.2911e-013
2256	2.1126e-013
2257	1.0951e-013
2258	2.6066e-013
2259	5.6956e-013
2260	4.4855e-013
2261	4.3605e-013
2262	4.9641e-013
2263	7.7476e-013
2264	6.5941e-013
2265	6.5019e-013
2266	7.0049e-013
2267	9.7143e-013
2268	8.5932e-013
2269	8.5399e-013
2270	8.9451e-013
2271	1.1659e-012
2272	1.056e-012
2273	1.0529e-012
2274	1.0851e-012
2275	1.3608e-012
2276	1.2522e-012
2277	1.2504e-012
2278	1.276e-012
2279	1.5576e-012
2280	1.4496e-012
2281	1.4485e-012
2282	1.4693e-012
2283	1.7567e-012
2284	1.6489e-012
2285	1.6482e-012
2286	1.6655e-012
2287	1.9581e-012
2288	1.8502e-012
2289	1.8497e-012
2290	1.8645e-012
2291	2.1617e-012
2292	2.0535e-012
2293	2.0531e-012
2294	2.0663e-012
2295	2.2585e-012
2296	2.2581e-012
2297	2.367e-012
2298	2.2703e-012
2299	3.3275e-013
2300	2.2193e-013
2301	1.9955e-013
2302	1.0389e-013
2303	2.5129e-013
2304	5.4545e-013
2305	4.3329e-013
2306	4.1371e-013
2307	4.7742e-013
2308	7.4828e-013
2309	6.3923e-013
2310	6.228e-013
2311	6.7573e-013
2312	9.4627e-013
2313	8.3773e-013
2314	8.2706e-013
2315	8.6923e-013
2316	1.1435e-012
2317	1.0354e-012
2318	1.0285e-012
2319	1.0615e-012
2320	1.3414e-012
2321	1.2337e-012
2322	1.2292e-012
2323	1.2553e-012
2324	1.541e-012
2325	1.4335e-012
2326	1.4305e-012
2327	1.4514e-012
2328	1.7424e-012
2329	1.635e-012
2330	1.6328e-012
2331	1.65e-012
2332	1.9456e-012
2333	1.8381e-012
2334	1.8364e-012
2335	1.8511e-012
2336	2.1503e-012
2337	2.0427e-012
2338	2.0412e-012
2339	2.0543e-012
2340	2.2485e-012
2341	2.2473e-012
2342	2.3565e-012
2343	2.2593e-012
2344	3.2464e-013
2345	2.1837e-013
2346	1.9361e-013
2347	1.0138e-013
2348	2.4672e-013
2349	5.319e-013
2350	4.2536e-013
2351	4.0157e-013
2352	4.6728e-013
2353	7.3159e-013
2354	6.2772e-013
2355	6.0647e-013
2356	6.6101e-013
2357	9.2889e-013
2358	8.2437e-013
2359	8.0918e-013
2360	8.5242e-013
2361	1.127e-012
2362	1.0219e-012
2363	1.011e-012
2364	1.0447e-012
2365	1.3267e-012
2366	1.221e-012
2367	1.2134e-012
2368	1.2397e-012
2369	1.5281e-012
2370	1.4221e-012
2371	1.4166e-012
2372	1.4375e-012
2373	1.7311e-012
2374	1.625e-012
2375	1.6207e-012
2376	1.6379e-012
2377	1.9356e-012
2378	1.8293e-012
2379	1.8258e-012
2380	1.8404e-012
2381	2.1412e-012
2382	2.0347e-012
2383	2.0318e-012
2384	2.0447e-012
2385	2.2412e-012
2386	2.2387e-012
2387	2.348e-012
2388	2.2504e-012
2389	3.2072e-013
2390	2.1688e-013
2391	1.9084e-013
2392	1.0017e-013
2393	2.4468e-013
2394	5.25e-013
2395	4.2195e-013
2396	3.9564e-013
2397	4.6242e-013
2398	7.225e-013
2399	6.2252e-013
2400	5.9788e-013
2401	6.5332e-013
2402	9.1885e-013
2403	8.1804e-013
2404	7.9913e-013
2405	8.4297e-013
2406	1.1171e-012
2407	1.0152e-012
2408	1.0007e-012
2409	1.0347e-012
2410	1.3175e-012
2411	1.2146e-012
2412	1.2037e-012
2413	1.2301e-012
2414	1.5199e-012
2415	1.4163e-012
2416	1.4078e-012
2417	1.4288e-012
2418	1.7239e-012
2419	1.6198e-012
2420	1.6131e-012
2421	1.6301e-012
2422	1.9291e-012
2423	1.8246e-012
2424	1.8191e-012
2425	1.8335e-012
2426	2.1354e-012
2427	2.0305e-012
2428	2.0257e-012
2429	2.0385e-012
2430	2.2373e-012
2431	2.233e-012
2432	2.3425e-012
2433	2.2446e-012
2434	3.1955e-013
2435	2.1688e-013
2436	1.9e-013
2437	9.9812e-014
2438	2.4407e-013
2439	5.2289e-013
2440	4.2195e-013
2441	3.9383e-013
2442	4.6095e-013
2443	7.1963e-013
2444	6.2252e-013
2445	5.9519e-013
2446	6.5091e-013
2447	9.1559e-013
2448	8.1804e-013
2449	7.959e-013
2450	8.3993e-013
2451	1.1138e-012
2452	1.0152e-012
2453	9.9735e-013
2454	1.0314e-012
2455	1.3144e-012
2456	1.2146e-012
2457	1.2004e-012
2458	1.2269e-012
2459	1.5171e-012
2460	1.4163e-012
2461	1.4049e-012
2462	1.4258e-012
2463	1.7214e-012
2464	1.6198e-012
2465	1.6104e-012
2466	1.6275e-012
2467	1.9269e-012
2468	1.8246e-012
2469	1.8167e-012
2470	1.8312e-012
2471	2.1333e-012
2472	2.0305e-012
2473	2.0236e-012
2474	2.0363e-012
2475	2.2373e-012
2476	2.2311e-012
2477	2.3406e-012
2478	2.2426e-012
2479	3.2072e-013
2480	2.1837e-013
2481	1.9084e-013
2482	1.0017e-013
2483	2.4468e-013
2484	5.25e-013
2485	4.2536e-013
2486	3.9564e-013
2487	4.6242e-013
2488	7.225e-013
2489	6.2772e-013
2490	5.9788e-013
2491	6.5332e-013
2492	9.1885e-013
2493	8.2437e-013
2494	7.9913e-013
2495	8.4297e-013
2496	1.1171e-012
2497	1.0219e-012
2498	1.0007e-012
2499	1.0347e-012
2500	1.3175e-012
2501	1.221e-012
2502	1.2037e-012
2503	1.2301e-012
2504	1.5199e-012
2505	1.4221e-012
2506	1.4078e-012
2507	1.4288e-012
2508	1.7239e-012
2509	1.625e-012
2510	1.6131e-012
2511	1.6301e-012
2512	1.9291e-012
2513	1.8293e-012
2514	1.8191e-012
2515	1.8335e-012
2516	2.1354e-012
2517	2.0347e-012
2518	2.0257e-012
2519	2.0385e-012
2520	2.2412e-012
2521	2.233e-012
2522	2.3425e-012
2523	2.2446e-012
2524	3.2464e-013
2525	2.2193e-013
2526	1.9361e-013
2527	1.0138e-013
2528	2.4672e-013
2529	5.319e-013
2530	4.3329e-013
2531	4.0157e-013
2532	4.6728e-013
2533	7.3159e-013
2534	6.3923e-013
2535	6.0647e-013
2536	6.6101e-013
2537	9.2889e-013
2538	8.3773e-013
2539	8.0918e-013
2540	8.5242e-013
2541	1.127e-012
2542	1.0354e-012
2543	1.011e-012
2544	1.0447e-012
2545	1.3267e-012
2546	1.2337e-012
2547	1.2134e-012
2548	1.2397e-012
2549	1.5281e-012
2550	1.4335e-012
2551	1.4166e-012
2552	1.4375e-012
2553	1.7311e-012
2554	1.635e-012
2555	1.6207e-012
2556	1.6379e-012
2557	1.9356e-012
2558	1.8381e-012
2559	1.8258e-012
2560	1.8404e-012
2561	2.1412e-012
2562	2.0427e-012
2563	2.0318e-012
2564	2.0447e-012
2565	2.2485e-012
2566	2.2387e-012
2567	2.348e-012
2568	2.2504e-012
2569	3.3275e-013
2570	2.2911e-013
2571	1.9955e-013
2572	1.0389e-013
2573	2.5129e-013
2574	5.4545e-013
2575	4.4855e-013
2576	4.1371e-013
2577	4.7742e-013
2578	7.4828e-013
2579	6.5941e-013
2580	6.228e-013
2581	6.7573e-013
2582	9.4627e-013
2583	8.5932e-013
2584	8.2706e-013
2585	8.6923e-013
2586	1.1435e-012
2587	1.056e-012
2588	1.0285e-012
2589	1.0615e-012
2590	1.3414e-012
2591	1.2522e-012
2592	1.2292e-012
2593	1.2553e-012
2594	1.541e-012
2595	1.4496e-012
2596	1.4305e-012
2597	1.4514e-012
2598	1.7424e-012
2599	1.6489e-012
2600	1.6328e-012
2601	1.65e-012
2602	1.9456e-012
2603	1.8502e-012
2604	1.8364e-012
2605	1.8511e-012
2606	2.1503e-012
2607	2.0535e-012
2608	2.0412e-012
2609	2.0543e-012
2610	2.2585e-012
2611	2.2473e-012
2612	2.3565e-012
2613	2.2593e-012
2614	3.495e-013
2615	2.4605e-013
2616	2.1126e-013
2617	1.0951e-013
2618	2.6066e-013
2619	5.6956e-013
2620	4.7822e-013
2621	4.3605e-013
2622	4.9641e-013
2623	7.7476e-013
2624	6.9186e-013
2625	6.5019e-013
2626	7.0049e-013
2627	9.7143e-013
2628	8.9e-013
2629	8.5399e-013
2630	8.9451e-013
2631	1.1659e-012
2632	1.0829e-012
2633	1.0529e-012
2634	1.0851e-012
2635	1.3608e-012
2636	1.2751e-012
2637	1.2504e-012
2638	1.276e-012
2639	1.5576e-012
2640	1.4689e-012
2641	1.4485e-012
2642	1.4693e-012
2643	1.7567e-012
2644	1.6653e-012
2645	1.6482e-012
2646	1.6655e-012
2647	1.9581e-012
2648	1.8644e-012
2649	1.8497e-012
2650	1.8645e-012
2651	2.1617e-012
2652	2.0661e-012
2653	2.0531e-012
2654	2.0663e-012
2655	2.2701e-012
2656	2.2581e-012
2657	2.367e-012
2658	2.2703e-012
2659	3.8637e-013
2660	2.4605e-013
2661	1.2141e-013
2662	2.9064e-013
2663	2.9064e-013
2664	6.1044e-013
2665	4.7822e-013
2666	5.3311e-013
2667	5.3311e-013
2668	8.1232e-013
2669	6.9186e-013
2670	7.3841e-013
2671	7.3841e-013
2672	1.0036e-012
2673	8.9e-013
2674	9.2833e-013
2675	9.2833e-013
2676	1.1927e-012
2677	1.0829e-012
2678	1.1139e-012
2679	1.1139e-012
2680	1.383e-012
2681	1.2751e-012
2682	1.3002e-012
2683	1.3002e-012
2684	1.5762e-012
2685	1.4689e-012
2686	1.4895e-012
2687	1.4895e-012
2688	1.7725e-012
2689	1.6653e-012
2690	1.6825e-012
2691	1.6825e-012
2692	1.972e-012
2693	1.8644e-012
2694	1.8794e-012
2695	1.8794e-012
2696	2.1742e-012
2697	2.0661e-012
2698	2.0796e-012
2699	2.0796e-012
2700	2.2701e-012
2701	2.3787e-012
2702	2.2825e-012
2703	2.2825e-012
2704	3.495e-013
2705	2.1126e-013
2706	2.2911e-013
2707	1.0951e-013
2708	2.6066e-013
2709	5.6956e-013
2710	4.3605e-013
2711	4.4855e-013
2712	4.9641e-013
2713	7.7476e-013
2714	6.5019e-013
2715	6.5941e-013
2716	7.0049e-013
2717	9.7143e-013
2718	8.5399e-013
2719	8.5932e-013
2720	8.9451e-013
2721	1.1659e-012
2722	1.0529e-012
2723	1.056e-012
2724	1.0851e-012
2725	1.3608e-012
2726	1.2504e-012
2727	1.2522e-012
2728	1.276e-012
2729	1.5576e-012
2730	1.4485e-012
2731	1.4496e-012
2732	1.4693e-012
2733	1.7567e-012
2734	1.6482e-012
2735	1.6489e-012
2736	1.6655e-012
2737	1.9581e-012
2738	1.8497e-012
2739	1.8502e-012
2740	1.8645e-012
2741	2.1617e-012
2742	2.0531e-012
2743	2.0535e-012
2744	2.0663e-012
2745	2.2581e-012
2746	2.2585e-012
2747	2.367e-012
2748	2.2703e-012
2749	3.0797e-013
2750	1.9106e-013
2751	1.9106e-013
2752	9.6359e-014
2753	5.2435e-013
2754	4.0246e-013
2755	4.0246e-013
2756	7.3431e-013
2757	6.1454e-013
2758	6.1454e-013
2759	9.3757e-013
2760	8.2119e-013
2761	8.2119e-013
2762	1.1382e-012
2763	1.0247e-012
2764	1.0247e-012
2765	1.3382e-012
2766	1.2268e-012
2767	1.2268e-012
2768	1.5389e-012
2769	1.4289e-012
2770	1.4289e-012
2771	1.7409e-012
2772	1.6317e-012
2773	1.6317e-012
2774	1.9444e-012
2775	1.8355e-012
2776	1.8355e-012
2777	2.1493e-012
2778	2.0405e-012
2779	2.0405e-012
2780	2.2467e-012
2781	2.2467e-012
2782	2.3556e-012
2783	2.8837e-013
2784	1.822e-013
2785	1.7767e-013
2786	8.9751e-014
2787	4.9725e-013
2788	3.8484e-013
2789	3.7745e-013
2790	7.0556e-013
2791	5.9221e-013
2792	5.8467e-013
2793	9.1094e-013
2794	7.9806e-013
2795	7.9243e-013
2796	1.1149e-012
2797	1.0032e-012
2798	9.9906e-013
2799	1.3184e-012
2800	1.2078e-012
2801	1.2049e-012
2802	1.5222e-012
2803	1.4125e-012
2804	1.4104e-012
2805	1.7266e-012
2806	1.6177e-012
2807	1.6161e-012
2808	1.9319e-012
2809	1.8234e-012
2810	1.8222e-012
2811	2.1381e-012
2812	2.0298e-012
2813	2.0288e-012
2814	2.2369e-012
2815	2.236e-012
2816	2.3453e-012
2817	2.7867e-013
2818	1.7765e-013
2819	1.7071e-013
2820	8.6765e-014
2821	4.8189e-013
2822	3.7557e-013
2823	3.6367e-013
2824	6.8739e-013
2825	5.7944e-013
2826	5.6673e-013
2827	8.9254e-013
2828	7.8374e-013
2829	7.7327e-013
2830	1.0978e-012
2831	9.8899e-013
2832	9.8074e-013
2833	1.3033e-012
2834	1.1947e-012
2835	1.1885e-012
2836	1.5091e-012
2837	1.401e-012
2838	1.3962e-012
2839	1.7153e-012
2840	1.6077e-012
2841	1.6039e-012
2842	1.9219e-012
2843	1.8146e-012
2844	1.8116e-012
2845	2.1291e-012
2846	2.022e-012
2847	2.0194e-012
2848	2.2297e-012
2849	2.2275e-012
2850	2.337e-012
2851	2.7391e-013
2852	1.7572e-013
2853	1.6741e-013
2854	8.5297e-014
2855	4.7402e-013
2856	3.7155e-013
2857	3.5688e-013
2858	6.7749e-013
2859	5.7365e-013
2860	5.5725e-013
2861	8.8193e-013
2862	7.7695e-013
2863	7.6249e-013
2864	1.0875e-012
2865	9.8202e-013
2866	9.6993e-013
2867	1.2939e-012
2868	1.1881e-012
2869	1.1784e-012
2870	1.5008e-012
2871	1.3951e-012
2872	1.3873e-012
2873	1.7081e-012
2874	1.6024e-012
2875	1.5961e-012
2876	1.9155e-012
2877	1.81e-012
2878	1.8048e-012
2879	2.1233e-012
2880	2.0178e-012
2881	2.0133e-012
2882	2.2259e-012
2883	2.2219e-012
2884	2.3316e-012
2885	2.7247e-013
2886	1.7572e-013
2887	1.664e-013
2888	8.4856e-014
2889	4.716e-013
2890	3.7155e-013
2891	3.548e-013
2892	6.7435e-013
2893	5.7365e-013
2894	5.5428e-013
2895	8.7848e-013
2896	7.7695e-013
2897	7.5903e-013
2898	1.0841e-012
2899	9.8202e-013
2900	9.6637e-013
2901	1.2907e-012
2902	1.1881e-012
2903	1.1751e-012
2904	1.498e-012
2905	1.3951e-012
2906	1.3843e-012
2907	1.7056e-012
2908	1.6024e-012
2909	1.5934e-012
2910	1.9133e-012
2911	1.81e-012
2912	1.8024e-012
2913	2.1213e-012
2914	2.0178e-012
2915	2.0112e-012
2916	2.2259e-012
2917	2.22e-012
2918	2.3297e-012
2919	2.7391e-013
2920	1.7765e-013
2921	1.6741e-013
2922	8.5297e-014
2923	4.7402e-013
2924	3.7557e-013
2925	3.5688e-013
2926	6.7749e-013
2927	5.7944e-013
2928	5.5725e-013
2929	8.8193e-013
2930	7.8374e-013
2931	7.6249e-013
2932	1.0875e-012
2933	9.8899e-013
2934	9.6993e-013
2935	1.2939e-012
2936	1.1947e-012
2937	1.1784e-012
2938	1.5008e-012
2939	1.401e-012
2940	1.3873e-012
2941	1.7081e-012
2942	1.6077e-012
2943	1.5961e-012
2944	1.9155e-012
2945	1.8146e-012
2946	1.8048e-012
2947	2.1233e-012
2948	2.022e-012
2949	2.0133e-012
2950	2.2297e-012
2951	2.2219e-012
2952	2.3316e-012
2953	2.7867e-013
2954	1.822e-013
2955	1.7071e-013
2956	8.6765e-014
2957	4.8189e-013
2958	3.8484e-013
2959	3.6367e-013
2960	6.8739e-013
2961	5.9221e-013
2962	5.6673e-013
2963	8.9254e-013
2964	7.9806e-013
2965	7.7327e-013
2966	1.0978e-012
2967	1.0032e-012
2968	9.8074e-013
2969	1.3033e-012
2970	1.2078e-012
2971	1.1885e-012
2972	1.5091e-012
2973	1.4125e-012
2974	1.3962e-012
2975	1.7153e-012
2976	1.6177e-012
2977	1.6039e-012
2978	1.9219e-012
2979	1.8234e-012
2980	1.8116e-012
2981	2.1291e-012
2982	2.0298e-012
2983	2.0194e-012
2984	2.2369e-012
2985	2.2275e-012
2986	2.337e-012
2987	2.8837e-013
2988	1.9106e-013
2989	1.7767e-013
2990	8.9751e-014
2991	4.9725e-013
2992	4.0246e-013
2993	3.7745e-013
2994	7.0556e-013
2995	6.1454e-013
2996	5.8467e-013
2997	9.1094e-013
2998	8.2119e-013
2999	7.9243e-013
3000	1.1149e-012
3001	1.0247e-012
3002	9.9906e-013
3003	1.3184e-012
3004	1.2268e-012
3005	1.2049e-012
3006	1.5222e-012
3007	1.4289e-012
3008	1.4104e-012
3009	1.7266e-012
3010	1.6317e-012
3011	1.6161e-012
3012	1.9319e-012
3013	1.8355e-012
3014	1.8222e-012
3015	2.1381e-012
3016	2.0405e-012
3017	2.0288e-012
3018	2.2467e-012
3019	2.236e-012
3020	2.3453e-012
3021	3.0797e-013
3022	2.1126e-013
3023	1.9106e-013
3024	9.6359e-014
3025	5.2435e-013
3026	4.3605e-013
3027	4.0246e-013
3028	7.3431e-013
3029	6.5019e-013
3030	6.1454e-013
3031	9.3757e-013
3032	8.5399e-013
3033	8.2119e-013
3034	1.1382e-012
3035	1.0529e-012
3036	1.0247e-012
3037	1.3382e-012
3038	1.2504e-012
3039	1.2268e-012
3040	1.5389e-012
3041	1.4485e-012
3042	1.4289e-012
3043	1.7409e-012
3044	1.6482e-012
3045	1.6317e-012
3046	1.9444e-012
3047	1.8497e-012
3048	1.8355e-012
3049	2.1493e-012
3050	2.0531e-012
3051	2.0405e-012
3052	2.2581e-012
3053	2.2467e-012
3054	2.3556e-012
3055	3.495e-013
3056	2.2911e-013
3057	1.0951e-013
3058	2.6066e-013
3059	5.6956e-013
3060	4.4855e-013
3061	4.9641e-013
3062	7.7476e-013
3063	6.5941e-013
3064	7.0049e-013
3065	9.7143e-013
3066	8.5932e-013
3067	8.9451e-013
3068	1.1659e-012
3069	1.056e-012
3070	1.0851e-012
3071	1.3608e-012
3072	1.2522e-012
3073	1.276e-012
3074	1.5576e-012
3075	1.4496e-012
3076	1.4693e-012
3077	1.7567e-012
3078	1.6489e-012
3079	1.6655e-012
3080	1.9581e-012
3081	1.8502e-012
3082	1.8645e-012
3083	2.1617e-012
3084	2.0535e-012
3085	2.0663e-012
3086	2.2585e-012
3087	2.367e-012
3088	2.2703e-012
3089	3.3275e-013
3090	1.9955e-013
3091	2.2193e-013
3092	1.0389e-013
3093	2.5129e-013
3094	5.4545e-013
3095	4.1371e-013
3096	4.3329e-013
3097	4.7742e-013
3098	7.4828e-013
3099	6.228e-013
3100	6.3923e-013
3101	6.7573e-013
3102	9.4627e-013
3103	8.2706e-013
3104	8.3773e-013
3105	8.6923e-013
3106	1.1435e-012
3107	1.0285e-012
3108	1.0354e-012
3109	1.0615e-012
3110	1.3414e-012
3111	1.2292e-012
3112	1.2337e-012
3113	1.2553e-012
3114	1.541e-012
3115	1.4305e-012
3116	1.4335e-012
3117	1.4514e-012
3118	1.7424e-012
3119	1.6328e-012
3120	1.635e-012
3121	1.65e-012
3122	1.9456e-012
3123	1.8364e-012
3124	1.8381e-012
3125	1.8511e-012
3126	2.1503e-012
3127	2.0412e-012
3128	2.0427e-012
3129	2.0543e-012
3130	2.2473e-012
3131	2.2485e-012
3132	2.3565e-012
3133	2.2593e-012
3134	2.8837e-013
3135	1.7767e-013
3136	1.822e-013
3137	8.9751e-014
3138	4.9725e-013
3139	3.7745e-013
3140	3.8484e-013
3141	7.0556e-013
3142	5.8467e-013
3143	5.9221e-013
3144	9.1094e-013
3145	7.9243e-013
3146	7.9806e-013
3147	1.1149e-012
3148	9.9906e-013
3149	1.0032e-012
3150	1.3184e-012
3151	1.2049e-012
3152	1.2078e-012
3153	1.5222e-012
3154	1.4104e-012
3155	1.4125e-012
3156	1.7266e-012
3157	1.6161e-012
3158	1.6177e-012
3159	1.9319e-012
3160	1.8222e-012
3161	1.8234e-012
3162	2.1381e-012
3163	2.0288e-012
3164	2.0298e-012
3165	2.236e-012
3166	2.2369e-012
3167	2.3453e-012
3168	2.6683e-013
3169	1.6776e-013
3170	1.6776e-013
3171	8.2417e-014
3172	4.6789e-013
3173	3.5806e-013
3174	3.5806e-013
3175	6.7486e-013
3176	5.6053e-013
3177	5.6053e-013
3178	8.8289e-013
3179	7.6783e-013
3180	7.6783e-013
3181	1.0906e-012
3182	9.7649e-013
3183	9.7649e-013
3184	1.298e-012
3185	1.1852e-012
3186	1.1852e-012
3187	1.5051e-012
3188	1.3937e-012
3189	1.3937e-012
3190	1.7122e-012
3191	1.6019e-012
3192	1.6019e-012
3193	1.9194e-012
3194	1.81e-012
3195	1.81e-012
3196	2.127e-012
3197	2.0181e-012
3198	2.0181e-012
3199	2.2263e-012
3200	2.2263e-012
3201	2.3351e-012
3202	2.5595e-013
3203	1.626e-013
3204	1.601e-013
3205	7.8991e-014
3206	4.5106e-013
3207	3.4774e-013
3208	3.4312e-013
3209	6.5534e-013
3210	5.4663e-013
3211	5.4133e-013
3212	8.6345e-013
3213	7.5256e-013
3214	7.4759e-013
3215	1.0728e-012
3216	9.616e-013
3217	9.5735e-013
3218	1.2824e-012
3219	1.1717e-012
3220	1.1682e-012
3221	1.4917e-012
3222	1.3819e-012
3223	1.3791e-012
3224	1.7007e-012
3225	1.5917e-012
3226	1.5895e-012
3227	1.9094e-012
3228	1.8011e-012
3229	1.7993e-012
3230	2.118e-012
3231	2.0102e-012
3232	2.0086e-012
3233	2.2192e-012
3234	2.2178e-012
3235	2.3269e-012
3236	2.5054e-013
3237	1.6039e-013
3238	1.5642e-013
3239	7.7289e-014
3240	4.4237e-013
3241	3.4324e-013
3242	3.3568e-013
3243	6.4466e-013
3244	5.4032e-013
3245	5.3114e-013
3246	8.5222e-013
3247	7.4531e-013
3248	7.3617e-013
3249	1.0621e-012
3250	9.5427e-013
3251	9.4604e-013
3252	1.2728e-012
3253	1.1648e-012
3254	1.1578e-012
3255	1.4833e-012
3256	1.3758e-012
3257	1.3699e-012
3258	1.6934e-012
3259	1.5864e-012
3260	1.5816e-012
3261	1.903e-012
3262	1.7965e-012
3263	1.7924e-012
3264	2.1122e-012
3265	2.006e-012
3266	2.0025e-012
3267	2.2154e-012
3268	2.2123e-012
3269	2.3215e-012
3270	2.4891e-013
3271	1.6039e-013
3272	1.553e-013
3273	7.6775e-014
3274	4.397e-013
3275	3.4324e-013
3276	3.3339e-013
3277	6.4128e-013
3278	5.4032e-013
3279	5.2794e-013
3280	8.4856e-013
3281	7.4531e-013
3282	7.325e-013
3283	1.0586e-012
3284	9.5427e-013
3285	9.4231e-013
3286	1.2695e-012
3287	1.1648e-012
3288	1.1544e-012
3289	1.4804e-012
3290	1.3758e-012
3291	1.3668e-012
3292	1.6909e-012
3293	1.5864e-012
3294	1.5788e-012
3295	1.9007e-012
3296	1.7965e-012
3297	1.79e-012
3298	2.1102e-012
3299	2.006e-012
3300	2.0004e-012
3301	2.2154e-012
3302	2.2103e-012
3303	2.3197e-012
3304	2.5054e-013
3305	1.626e-013
3306	1.5642e-013
3307	7.7289e-014
3308	4.4237e-013
3309	3.4774e-013
3310	3.3568e-013
3311	6.4466e-013
3312	5.4663e-013
3313	5.3114e-013
3314	8.5222e-013
3315	7.5256e-013
3316	7.3617e-013
3317	1.0621e-012
3318	9.616e-013
3319	9.4604e-013
3320	1.2728e-012
3321	1.1717e-012
3322	1.1578e-012
3323	1.4833e-012
3324	1.3819e-012
3325	1.3699e-012
3326	1.6934e-012
3327	1.5917e-012
3328	1.5816e-012
3329	1.903e-012
3330	1.8011e-012
3331	1.7924e-012
3332	2.1122e-012
3333	2.0102e-012
3334	2.0025e-012
3335	2.2192e-012
3336	2.2123e-012
3337	2.3215e-012
3338	2.5595e-013
3339	1.6776e-013
3340	1.601e-013
3341	7.8991e-014
3342	4.5106e-013
3343	3.5806e-013
3344	3.4312e-013
3345	6.5534e-013
3346	5.6053e-013
3347	5.4133e-013
3348	8.6345e-013
3349	7.6783e-013
3350	7.4759e-013
3351	1.0728e-012
3352	9.7649e-013
3353	9.5735e-013
3354	1.2824e-012
3355	1.1852e-012
3356	1.1682e-012
3357	1.4917e-012
3358	1.3937e-012
3359	1.3791e-012
3360	1.7007e-012
3361	1.6019e-012
3362	1.5895e-012
3363	1.9094e-012
3364	1.81e-012
3365	1.7993e-012
3366	2.118e-012
3367	2.0181e-012
3368	2.0086e-012
3369	2.2263e-012
3370	2.2178e-012
3371	2.3269e-012
3372	2.6683e-013
3373	1.7767e-013
3374	1.6776e-013
3375	8.2417e-014
3376	4.6789e-013
3377	3.7745e-013
3378	3.5806e-013
3379	6.7486e-013
3380	5.8467e-013
3381	5.6053e-013
3382	8.8289e-013
3383	7.9243e-013
3384	7.6783e-013
3385	1.0906e-012
3386	9.9906e-013
3387	9.7649e-013
3388	1.298e-012
3389	1.2049e-012
3390	1.1852e-012
3391	1.5051e-012
3392	1.4104e-012
3393	1.3937e-012
3394	1.7122e-012
3395	1.6161e-012
3396	1.6019e-012
3397	1.9194e-012
3398	1.8222e-012
3399	1.81e-012
3400	2.127e-012
3401	2.0288e-012
3402	2.0181e-012
3403	2.236e-012
3404	2.2263e-012
3405	2.3351e-012
3406	2.8837e-013
3407	1.9955e-013
3408	1.822e-013
3409	8.9751e-014
3410	4.9725e-013
3411	4.1371e-013
3412	3.8484e-013
3413	7.0556e-013
3414	6.228e-013
3415	5.9221e-013
3416	9.1094e-013
3417	8.2706e-013
3418	7.9806e-013
3419	1.1149e-012
3420	1.0285e-012
3421	1.0032e-012
3422	1.3184e-012
3423	1.2292e-012
3424	1.2078e-012
3425	1.5222e-012
3426	1.4305e-012
3427	1.4125e-012
3428	1.7266e-012
3429	1.6328e-012
3430	1.6177e-012
3431	1.9319e-012
3432	1.8364e-012
3433	1.8234e-012
3434	2.1381e-012
3435	2.0412e-012
3436	2.0298e-012
3437	2.2473e-012
3438	2.2369e-012
3439	2.3453e-012
3440	3.3275e-013
3441	2.2193e-013
3442	1.0389e-013
3443	2.5129e-013
3444	5.4545e-013
3445	4.3329e-013
3446	4.7742e-013
3447	7.4828e-013
3448	6.3923e-013
3449	6.7573e-013
3450	9.4627e-013
3451	8.3773e-013
3452	8.6923e-013
3453	1.1435e-012
3454	1.0354e-012
3455	1.0615e-012
3456	1.3414e-012
3457	1.2337e-012
3458	1.2553e-012
3459	1.541e-012
3460	1.4335e-012
3461	1.4514e-012
3462	1.7424e-012
3463	1.635e-012
3464	1.65e-012
3465	1.9456e-012
3466	1.8381e-012
3467	1.8511e-012
3468	2.1503e-012
3469	2.0427e-012
3470	2.0543e-012
3471	2.2485e-012
3472	2.3565e-012
3473	2.2593e-012
3474	3.2464e-013
3475	1.9361e-013
3476	2.1837e-013
3477	1.0138e-013
3478	2.4672e-013
3479	5.319e-013
3480	4.0157e-013
3481	4.2536e-013
3482	4.6728e-013
3483	7.3159e-013
3484	6.0647e-013
3485	6.2772e-013
3486	6.6101e-013
3487	9.2889e-013
3488	8.0918e-013
3489	8.2437e-013
3490	8.5242e-013
3491	1.127e-012
3492	1.011e-012
3493	1.0219e-012
3494	1.0447e-012
3495	1.3267e-012
3496	1.2134e-012
3497	1.221e-012
3498	1.2397e-012
3499	1.5281e-012
3500	1.4166e-012
3501	1.4221e-012
3502	1.4375e-012
3503	1.7311e-012
3504	1.6207e-012
3505	1.625e-012
3506	1.6379e-012
3507	1.9356e-012
3508	1.8258e-012
3509	1.8293e-012
3510	1.8404e-012
3511	2.1412e-012
3512	2.0318e-012
3513	2.0347e-012
3514	2.0447e-012
3515	2.2387e-012
3516	2.2412e-012
3517	2.348e-012
3518	2.2504e-012
3519	2.7867e-013
3520	1.7071e-013
3521	1.7765e-013
3522	8.6765e-014
3523	4.8189e-013
3524	3.6367e-013
3525	3.7557e-013
3526	6.8739e-013
3527	5.6673e-013
3528	5.7944e-013
3529	8.9254e-013
3530	7.7327e-013
3531	7.8374e-013
3532	1.0978e-012
3533	9.8074e-013
3534	9.8899e-013
3535	1.3033e-012
3536	1.1885e-012
3537	1.1947e-012
3538	1.5091e-012
3539	1.3962e-012
3540	1.401e-012
3541	1.7153e-012
3542	1.6039e-012
3543	1.6077e-012
3544	1.9219e-012
3545	1.8116e-012
3546	1.8146e-012
3547	2.1291e-012
3548	2.0194e-012
3549	2.022e-012
3550	2.2275e-012
3551	2.2297e-012
3552	2.337e-012
3553	2.5595e-013
3554	1.601e-013
3555	1.626e-013
3556	7.8991e-014
3557	4.5106e-013
3558	3.4312e-013
3559	3.4774e-013
3560	6.5534e-013
3561	5.4133e-013
3562	5.4663e-013
3563	8.6345e-013
3564	7.4759e-013
3565	7.5256e-013
3566	1.0728e-012
3567	9.5735e-013
3568	9.616e-013
3569	1.2824e-012
3570	1.1682e-012
3571	1.1717e-012
3572	1.4917e-012
3573	1.3791e-012
3574	1.3819e-012
3575	1.7007e-012
3576	1.5895e-012
3577	1.5917e-012
3578	1.9094e-012
3579	1.7993e-012
3580	1.8011e-012
3581	2.118e-012
3582	2.0086e-012
3583	2.0102e-012
3584	2.2178e-012
3585	2.2192e-012
3586	2.3269e-012
3587	2.4428e-013
3588	1.5449e-013
3589	1.5449e-013
3590	7.5274e-014
3591	4.3319e-013
3592	3.3205e-013
3593	3.3205e-013
3594	6.3481e-013
3595	5.2662e-013
3596	5.2662e-013
3597	8.4318e-013
3598	7.3158e-013
3599	7.3158e-013
3600	1.0544e-012
3601	9.4187e-013
3602	9.4187e-013
3603	1.2664e-012
3604	1.1543e-012
3605	1.1543e-012
3606	1.4781e-012
3607	1.367e-012
3608	1.367e-012
3609	1.6891e-012
3610	1.5791e-012
3611	1.5791e-012
3612	1.8994e-012
3613	1.7903e-012
3614	1.7903e-012
3615	2.1091e-012
3616	2.0007e-012
3617	2.0007e-012
3618	2.2107e-012
3619	2.2107e-012
3620	2.3187e-012
3621	2.3842e-013
3622	1.5208e-013
3623	1.5056e-013
3624	7.3404e-014
3625	4.2392e-013
3626	3.2719e-013
3627	3.2419e-013
3628	6.2355e-013
3629	5.199e-013
3630	5.1594e-013
3631	8.3145e-013
3632	7.2397e-013
3633	7.1971e-013
3634	1.0433e-012
3635	9.3425e-013
3636	9.3019e-013
3637	1.2565e-012
3638	1.1472e-012
3639	1.1436e-012
3640	1.4695e-012
3641	1.3607e-012
3642	1.3576e-012
3643	1.6817e-012
3644	1.5737e-012
3645	1.571e-012
3646	1.8929e-012
3647	1.7856e-012
3648	1.7833e-012
3649	2.1033e-012
3650	1.9965e-012
3651	1.9946e-012
3652	2.2069e-012
3653	2.2051e-012
3654	2.3134e-012
3655	2.3665e-013
3656	1.5208e-013
3657	1.4935e-013
3658	7.2836e-014
3659	4.2105e-013
3660	3.2719e-013
3661	3.2176e-013
3662	6.1997e-013
3663	5.199e-013
3664	5.1258e-013
3665	8.2763e-013
3666	7.2397e-013
3667	7.1589e-013
3668	1.0396e-012
3669	9.3425e-013
3670	9.2634e-013
3671	1.2531e-012
3672	1.1472e-012
3673	1.14e-012
3674	1.4666e-012
3675	1.3607e-012
3676	1.3544e-012
3677	1.6791e-012
3678	1.5737e-012
3679	1.5683e-012
3680	1.8906e-012
3681	1.7856e-012
3682	1.7809e-012
3683	2.1012e-012
3684	1.9965e-012
3685	1.9925e-012
3686	2.2069e-012
3687	2.2032e-012
3688	2.3115e-012
3689	2.3842e-013
3690	1.5449e-013
3691	1.5056e-013
3692	7.3404e-014
3693	4.2392e-013
3694	3.3205e-013
3695	3.2419e-013
3696	6.2355e-013
3697	5.2662e-013
3698	5.1594e-013
3699	8.3145e-013
3700	7.3158e-013
3701	7.1971e-013
3702	1.0433e-012
3703	9.4187e-013
3704	9.3019e-013
3705	1.2565e-012
3706	1.1543e-012
3707	1.1436e-012
3708	1.4695e-012
3709	1.367e-012
3710	1.3576e-012
3711	1.6817e-012
3712	1.5791e-012
3713	1.571e-012
3714	1.8929e-012
3715	1.7903e-012
3716	1.7833e-012
3717	2.1033e-012
3718	2.0007e-012
3719	1.9946e-012
3720	2.2107e-012
3721	2.2051e-012
3722	2.3134e-012
3723	2.4428e-013
3724	1.601e-013
3725	1.5449e-013
3726	7.5274e-014
3727	4.3319e-013
3728	3.4312e-013
3729	3.3205e-013
3730	6.3481e-013
3731	5.4133e-013
3732	5.2662e-013
3733	8.4318e-013
3734	7.4759e-013
3735	7.3158e-013
3736	1.0544e-012
3737	9.5735e-013
3738	9.4187e-013
3739	1.2664e-012
3740	1.1682e-012
3741	1.1543e-012
3742	1.4781e-012
3743	1.3791e-012
3744	1.367e-012
3745	1.6891e-012
3746	1.5895e-012
3747	1.5791e-012
3748	1.8994e-012
3749	1.7993e-012
3750	1.7903e-012
3751	2.1091e-012
3752	2.0086e-012
3753	2.0007e-012
3754	2.2178e-012
3755	2.2107e-012
3756	2.3187e-012
3757	2.5595e-013
3758	1.7071e-013
3759	1.626e-013
3760	7.8991e-014
3761	4.5106e-013
3762	3.6367e-013
3763	3.4774e-013
3764	6.5534e-013
3765	5.6673e-013
3766	5.4663e-013
3767	8.6345e-013
3768	7.7327e-013
3769	7.5256e-013
3770	1.0728e-012
3771	9.8074e-013
3772	9.616e-013
3773	1.2824e-012
3774	1.1885e-012
3775	1.1717e-012
3776	1.4917e-012
3777	1.3962e-012
3778	1.3819e-012
3779	1.7007e-012
3780	1.6039e-012
3781	1.5917e-012
3782	1.9094e-012
3783	1.8116e-012
3784	1.8011e-012
3785	2.118e-012
3786	2.0194e-012
3787	2.0102e-012
3788	2.2275e-012
3789	2.2192e-012
3790	2.3269e-012
3791	2.7867e-013
3792	1.9361e-013
3793	1.7765e-013
3794	8.6765e-014
3795	4.8189e-013
3796	4.0157e-013
3797	3.7557e-013
3798	6.8739e-013
3799	6.0647e-013
3800	5.7944e-013
3801	8.9254e-013
3802	8.0918e-013
3803	7.8374e-013
3804	1.0978e-012
3805	1.011e-012
3806	9.8899e-013
3807	1.3033e-012
3808	1.2134e-012
3809	1.1947e-012
3810	1.5091e-012
3811	1.4166e-012
3812	1.401e-012
3813	1.7153e-012
3814	1.6207e-012
3815	1.6077e-012
3816	1.9219e-012
3817	1.8258e-012
3818	1.8146e-012
3819	2.1291e-012
3820	2.0318e-012
3821	2.022e-012
3822	2.2387e-012
3823	2.2297e-012
3824	2.337e-012
3825	3.2464e-013
3826	2.1837e-013
3827	1.0138e-013
3828	2.4672e-013
3829	5.319e-013
3830	4.2536e-013
3831	4.6728e-013
3832	7.3159e-013
3833	6.2772e-013
3834	6.6101e-013
3835	9.2889e-013
3836	8.2437e-013
3837	8.5242e-013
3838	1.127e-012
3839	1.0219e-012
3840	1.0447e-012
3841	1.3267e-012
3842	1.221e-012
3843	1.2397e-012
3844	1.5281e-012
3845	1.4221e-012
3846	1.4375e-012
3847	1.7311e-012
3848	1.625e-012
3849	1.6379e-012
3850	1.9356e-012
3851	1.8293e-012
3852	1.8404e-012
3853	2.1412e-012
3854	2.0347e-012
3855	2.0447e-012
3856	2.2412e-012
3857	2.348e-012
3858	2.2504e-012
3859	3.2072e-013
3860	1.9084e-013
3861	2.1688e-013
3862	1.0017e-013
3863	2.4468e-013
3864	5.25e-013
3865	3.9564e-013
3866	4.2195e-013
3867	4.6242e-013
3868	7.225e-013
3869	5.9788e-013
3870	6.2252e-013
3871	6.5332e-013
3872	9.1885e-013
3873	7.9913e-013
3874	8.1804e-013
3875	8.4297e-013
3876	1.1171e-012
3877	1.0007e-012
3878	1.0152e-012
3879	1.0347e-012
3880	1.3175e-012
3881	1.2037e-012
3882	1.2146e-012
3883	1.2301e-012
3884	1.5199e-012
3885	1.4078e-012
3886	1.4163e-012
3887	1.4288e-012
3888	1.7239e-012
3889	1.6131e-012
3890	1.6198e-012
3891	1.6301e-012
3892	1.9291e-012
3893	1.8191e-012
3894	1.8246e-012
3895	1.8335e-012
3896	2.1354e-012
3897	2.0257e-012
3898	2.0305e-012
3899	2.0385e-012
3900	2.233e-012
3901	2.2373e-012
3902	2.3425e-012
3903	2.2446e-012
3904	2.7391e-013
3905	1.6741e-013
3906	1.7572e-013
3907	8.5297e-014
3908	4.7402e-013
3909	3.5688e-013
3910	3.7155e-013
3911	6.7749e-013
3912	5.5725e-013
3913	5.7365e-013
3914	8.8193e-013
3915	7.6249e-013
3916	7.7695e-013
3917	1.0875e-012
3918	9.6993e-013
3919	9.8202e-013
3920	1.2939e-012
3921	1.1784e-012
3922	1.1881e-012
3923	1.5008e-012
3924	1.3873e-012
3925	1.3951e-012
3926	1.7081e-012
3927	1.5961e-012
3928	1.6024e-012
3929	1.9155e-012
3930	1.8048e-012
3931	1.81e-012
3932	2.1233e-012
3933	2.0133e-012
3934	2.0178e-012
3935	2.2219e-012
3936	2.2259e-012
3937	2.3316e-012
3938	2.5054e-013
3939	1.5642e-013
3940	1.6039e-013
3941	7.7289e-014
3942	4.4237e-013
3943	3.3568e-013
3944	3.4324e-013
3945	6.4466e-013
3946	5.3114e-013
3947	5.4032e-013
3948	8.5222e-013
3949	7.3617e-013
3950	7.4531e-013
3951	1.0621e-012
3952	9.4604e-013
3953	9.5427e-013
3954	1.2728e-012
3955	1.1578e-012
3956	1.1648e-012
3957	1.4833e-012
3958	1.3699e-012
3959	1.3758e-012
3960	1.6934e-012
3961	1.5816e-012
3962	1.5864e-012
3963	1.903e-012
3964	1.7924e-012
3965	1.7965e-012
3966	2.1122e-012
3967	2.0025e-012
3968	2.006e-012
3969	2.2123e-012
3970	2.2154e-012
3971	2.3215e-012
3972	2.3842e-013
3973	1.5056e-013
3974	1.5208e-013
3975	7.3404e-014
3976	4.2392e-013
3977	3.2419e-013
3978	3.2719e-013
3979	6.2355e-013
3980	5.1594e-013
3981	5.199e-013
3982	8.3145e-013
3983	7.1971e-013
3984	7.2397e-013
3985	1.0433e-012
3986	9.3019e-013
3987	9.3425e-013
3988	1.2565e-012
3989	1.1436e-012
3990	1.1472e-012
3991	1.4695e-012
3992	1.3576e-012
3993	1.3607e-012
3994	1.6817e-012
3995	1.571e-012
3996	1.5737e-012
3997	1.8929e-012
3998	1.7833e-012
3999	1.7856e-012
4000	2.1033e-012
4001	1.9946e-012
4002	1.9965e-012
4003	2.2051e-012
4004	2.2069e-012
4005	2.3134e-012
4006	2.323e-013
4007	1.4802e-013
4008	1.4802e-013
4009	7.1432e-014
4010	4.1429e-013
4011	3.1912e-013
4012	3.1912e-013
4013	6.1193e-013
4014	5.0898e-013
4015	5.0898e-013
4016	8.194e-013
4017	7.1187e-013
4018	7.1187e-013
4019	1.032e-012
4020	9.2238e-013
4021	9.2238e-013
4022	1.2464e-012
4023	1.1364e-012
4024	1.1364e-012
4025	1.4608e-012
4026	1.3513e-012
4027	1.3513e-012
4028	1.6742e-012
4029	1.5655e-012
4030	1.5655e-012
4031	1.8863e-012
4032	1.7786e-012
4033	1.7786e-012
4034	2.0974e-012
4035	1.9904e-012
4036	1.9904e-012
4037	2.2013e-012
4038	2.2013e-012
4039	2.308e-012
4040	2.3044e-013
4041	1.4802e-013
4042	1.4677e-013
4043	7.0831e-014
4044	4.1131e-013
4045	3.1912e-013
4046	3.1662e-013
4047	6.0823e-013
4048	5.0898e-013
4049	5.0554e-013
4050	8.1548e-013
4051	7.1187e-013
4052	7.0797e-013
4053	1.0282e-012
4054	9.2238e-013
4055	9.1846e-013
4056	1.243e-012
4057	1.1364e-012
4058	1.1328e-012
4059	1.4578e-012
4060	1.3513e-012
4061	1.3481e-012
4062	1.6716e-012
4063	1.5655e-012
4064	1.5627e-012
4065	1.8841e-012
4066	1.7786e-012
4067	1.7762e-012
4068	2.0954e-012
4069	1.9904e-012
4070	1.9882e-012
4071	2.2013e-012
4072	2.1994e-012
4073	2.3062e-012
4074	2.323e-013
4075	1.5056e-013
4076	1.4802e-013
4077	7.1432e-014
4078	4.1429e-013
4079	3.2419e-013
4080	3.1912e-013
4081	6.1193e-013
4082	5.1594e-013
4083	5.0898e-013
4084	8.194e-013
4085	7.1971e-013
4086	7.1187e-013
4087	1.032e-012
4088	9.3019e-013
4089	9.2238e-013
4090	1.2464e-012
4091	1.1436e-012
4092	1.1364e-012
4093	1.4608e-012
4094	1.3576e-012
4095	1.3513e-012
4096	1.6742e-012
4097	1.571e-012
4098	1.5655e-012
4099	1.8863e-012
4100	1.7833e-012
4101	1.7786e-012
4102	2.0974e-012
4103	1.9946e-012
4104	1.9904e-012
4105	2.2051e-012
4106	2.2013e-012
4107	2.308e-012
4108	2.3842e-013
4109	1.5642e-013
4110	1.5208e-013
4111	7.3404e-014
4112	4.2392e-013
4113	3.3568e-013
4114	3.2719e-013
4115	6.2355e-013
4116	5.3114e-013
4117	5.199e-013
4118	8.3145e-013
4119	7.3617e-013
4120	7.2397e-013
4121	1.0433e-012
4122	9.4604e-013
4123	9.3425e-013
4124	1.2565e-012
4125	1.1578e-012
4126	1.1472e-012
4127	1.4695e-012
4128	1.3699e-012
4129	1.3607e-012
4130	1.6817e-012
4131	1.5816e-012
4132	1.5737e-012
4133	1.8929e-012
4134	1.7924e-012
4135	1.7856e-012
4136	2.1033e-012
4137	2.0025e-012
4138	1.9965e-012
4139	2.2123e-012
4140	2.2069e-012
4141	2.3134e-012
4142	2.5054e-013
4143	1.6741e-013
4144	1.6039e-013
4145	7.7289e-014
4146	4.4237e-013
4147	3.5688e-013
4148	3.4324e-013
4149	6.4466e-013
4150	5.5725e-013
4151	5.4032e-013
4152	8.5222e-013
4153	7.6249e-013
4154	7.4531e-013
4155	1.0621e-012
4156	9.6993e-013
4157	9.5427e-013
4158	1.2728e-012
4159	1.1784e-012
4160	1.1648e-012
4161	1.4833e-012
4162	1.3873e-012
4163	1.3758e-012
4164	1.6934e-012
4165	1.5961e-012
4166	1.5864e-012
4167	1.903e-012
4168	1.8048e-012
4169	1.7965e-012
4170	2.1122e-012
4171	2.0133e-012
4172	2.006e-012
4173	2.2219e-012
4174	2.2154e-012
4175	2.3215e-012
4176	2.7391e-013
4177	1.9084e-013
4178	1.7572e-013
4179	8.5297e-014
4180	4.7402e-013
4181	3.9564e-013
4182	3.7155e-013
4183	6.7749e-013
4184	5.9788e-013
4185	5.7365e-013
4186	8.8193e-013
4187	7.9913e-013
4188	7.7695e-013
4189	1.0875e-012
4190	1.0007e-012
4191	9.8202e-013
4192	1.2939e-012
4193	1.2037e-012
4194	1.1881e-012
4195	1.5008e-012
4196	1.4078e-012
4197	1.3951e-012
4198	1.7081e-012
4199	1.6131e-012
4200	1.6024e-012
4201	1.9155e-012
4202	1.8191e-012
4203	1.81e-012
4204	2.1233e-012
4205	2.0257e-012
4206	2.0178e-012
4207	2.233e-012
4208	2.2259e-012
4209	2.3316e-012
4210	3.2072e-013
4211	2.1688e-013
4212	1.0017e-013
4213	2.4468e-013
4214	5.25e-013
4215	4.2195e-013
4216	4.6242e-013
4217	7.225e-013
4218	6.2252e-013
4219	6.5332e-013
4220	9.1885e-013
4221	8.1804e-013
4222	8.4297e-013
4223	1.1171e-012
4224	1.0152e-012
4225	1.0347e-012
4226	1.3175e-012
4227	1.2146e-012
4228	1.2301e-012
4229	1.5199e-012
4230	1.4163e-012
4231	1.4288e-012
4232	1.7239e-012
4233	1.6198e-012
4234	1.6301e-012
4235	1.9291e-012
4236	1.8246e-012
4237	1.8335e-012
4238	2.1354e-012
4239	2.0305e-012
4240	2.0385e-012
4241	2.2373e-012
4242	2.3425e-012
4243	2.2446e-012
4244	3.1955e-013
4245	1.9e-013
4246	2.1688e-013
4247	9.9812e-014
4248	2.4407e-013
4249	5.2289e-013
4250	3.9383e-013
4251	4.2195e-013
4252	4.6095e-013
4253	7.1963e-013
4254	5.9519e-013
4255	6.2252e-013
4256	6.5091e-013
4257	9.1559e-013
4258	7.959e-013
4259	8.1804e-013
4260	8.3993e-013
4261	1.1138e-012
4262	9.9735e-013
4263	1.0152e-012
4264	1.0314e-012
4265	1.3144e-012
4266	1.2004e-012
4267	1.2146e-012
4268	1.2269e-012
4269	1.5171e-012
4270	1.4049e-012
4271	1.4163e-012
4272	1.4258e-012
4273	1.7214e-012
4274	1.6104e-012
4275	1.6198e-012
4276	1.6275e-012
4277	1.9269e-012
4278	1.8167e-012
4279	1.8246e-012
4280	1.8312e-012
4281	2.1333e-012
4282	2.0236e-012
4283	2.0305e-012
4284	2.0363e-012
4285	2.2311e-012
4286	2.2373e-012
4287	2.3406e-012
4288	2.2426e-012
4289	2.7247e-013
4290	1.664e-013
4291	1.7572e-013
4292	8.4856e-014
4293	4.716e-013
4294	3.548e-013
4295	3.7155e-013
4296	6.7435e-013
4297	5.5428e-013
4298	5.7365e-013
4299	8.7848e-013
4300	7.5903e-013
4301	7.7695e-013
4302	1.0841e-012
4303	9.6637e-013
4304	9.8202e-013
4305	1.2907e-012
4306	1.1751e-012
4307	1.1881e-012
4308	1.498e-012
4309	1.3843e-012
4310	1.3951e-012
4311	1.7056e-012
4312	1.5934e-012
4313	1.6024e-012
4314	1.9133e-012
4315	1.8024e-012
4316	1.81e-012
4317	2.1213e-012
4318	2.0112e-012
4319	2.0178e-012
4320	2.22e-012
4321	2.2259e-012
4322	2.3297e-012
4323	2.4891e-013
4324	1.553e-013
4325	1.6039e-013
4326	7.6775e-014
4327	4.397e-013
4328	3.3339e-013
4329	3.4324e-013
4330	6.4128e-013
4331	5.2794e-013
4332	5.4032e-013
4333	8.4856e-013
4334	7.325e-013
4335	7.4531e-013
4336	1.0586e-012
4337	9.4231e-013
4338	9.5427e-013
4339	1.2695e-012
4340	1.1544e-012
4341	1.1648e-012
4342	1.4804e-012
4343	1.3668e-012
4344	1.3758e-012
4345	1.6909e-012
4346	1.5788e-012
4347	1.5864e-012
4348	1.9007e-012
4349	1.79e-012
4350	1.7965e-012
4351	2.1102e-012
4352	2.0004e-012
4353	2.006e-012
4354	2.2103e-012
4355	2.2154e-012
4356	2.3197e-012
4357	2.3665e-013
4358	1.4935e-013
4359	1.5208e-013
4360	7.2836e-014
4361	4.2105e-013
4362	3.2176e-013
4363	3.2719e-013
4364	6.1997e-013
4365	5.1258e-013
4366	5.199e-013
4367	8.2763e-013
4368	7.1589e-013
4369	7.2397e-013
4370	1.0396e-012
4371	9.2634e-013
4372	9.3425e-013
4373	1.2531e-012
4374	1.14e-012
4375	1.1472e-012
4376	1.4666e-012
4377	1.3544e-012
4378	1.3607e-012
4379	1.6791e-012
4380	1.5683e-012
4381	1.5737e-012
4382	1.8906e-012
4383	1.7809e-012
4384	1.7856e-012
4385	2.1012e-012
4386	1.9925e-012
4387	1.9965e-012
4388	2.2032e-012
4389	2.2069e-012
4390	2.3115e-012
4391	2.3044e-013
4392	1.4677e-013
4393	1.4802e-013
4394	7.0831e-014
4395	4.1131e-013
4396	3.1662e-013
4397	3.1912e-013
4398	6.0823e-013
4399	5.0554e-013
4400	5.0898e-013
4401	8.1548e-013
4402	7.0797e-013
4403	7.1187e-013
4404	1.0282e-012
4405	9.1846e-013
4406	9.2238e-013
4407	1.243e-012
4408	1.1328e-012
4409	1.1364e-012
4410	1.4578e-012
4411	1.3481e-012
4412	1.3513e-012
4413	1.6716e-012
4414	1.5627e-012
4415	1.5655e-012
4416	1.8841e-012
4417	1.7762e-012
4418	1.7786e-012
4419	2.0954e-012
4420	1.9882e-012
4421	1.9904e-012
4422	2.1994e-012
4423	2.2013e-012
4424	2.3062e-012
4425	2.2855e-013
4426	1.4677e-013
4427	1.4677e-013
4428	7.0219e-014
4429	4.0829e-013
4430	3.1662e-013
4431	3.1662e-013
4432	6.0449e-013
4433	5.0554e-013
4434	5.0554e-013
4435	8.1151e-013
4436	7.0797e-013
4437	7.0797e-013
4438	1.0244e-012
4439	9.1846e-013
4440	9.1846e-013
4441	1.2395e-012
4442	1.1328e-012
4443	1.1328e-012
4444	1.4548e-012
4445	1.3481e-012
4446	1.3481e-012
4447	1.669e-012
4448	1.5627e-012
4449	1.5627e-012
4450	1.8818e-012
4451	1.7762e-012
4452	1.7762e-012
4453	2.0934e-012
4454	1.9882e-012
4455	1.9882e-012
4456	2.1994e-012
4457	2.1994e-012
4458	2.3043e-012
4459	2.3044e-013
4460	1.4935e-013
4461	1.4802e-013
4462	7.0831e-014
4463	4.1131e-013
4464	3.2176e-013
4465	3.1912e-013
4466	6.0823e-013
4467	5.1258e-013
4468	5.0898e-013
4469	8.1548e-013
4470	7.1589e-013
4471	7.1187e-013
4472	1.0282e-012
4473	9.2634e-013
4474	9.2238e-013
4475	1.243e-012
4476	1.14e-012
4477	1.1364e-012
4478	1.4578e-012
4479	1.3544e-012
4480	1.3513e-012
4481	1.6716e-012
4482	1.5683e-012
4483	1.5655e-012
4484	1.8841e-012
4485	1.7809e-012
4486	1.7786e-012
4487	2.0954e-012
4488	1.9925e-012
4489	1.9904e-012
4490	2.2032e-012
4491	2.2013e-012
4492	2.3062e-012
4493	2.3665e-013
4494	1.553e-013
4495	1.5208e-013
4496	7.2836e-014
4497	4.2105e-013
4498	3.3339e-013
4499	3.2719e-013
4500	6.1997e-013
4501	5.2794e-013
4502	5.199e-013
4503	8.2763e-013
4504	7.325e-013
4505	7.2397e-013
4506	1.0396e-012
4507	9.4231e-013
4508	9.3425e-013
4509	1.2531e-012
4510	1.1544e-012
4511	1.1472e-012
4512	1.4666e-012
4513	1.3668e-012
4514	1.3607e-012
4515	1.6791e-012
4516	1.5788e-012
4517	1.5737e-012
4518	1.8906e-012
4519	1.79e-012
4520	1.7856e-012
4521	2.1012e-012
4522	2.0004e-012
4523	1.9965e-012
4524	2.2103e-012
4525	2.2069e-012
4526	2.3115e-012
4527	2.4891e-013
4528	1.664e-013
4529	1.6039e-013
4530	7.6775e-014
4531	4.397e-013
4532	3.548e-013
4533	3.4324e-013
4534	6.4128e-013
4535	5.5428e-013
4536	5.4032e-013
4537	8.4856e-013
4538	7.5903e-013
4539	7.4531e-013
4540	1.0586e-012
4541	9.6637e-013
4542	9.5427e-013
4543	1.2695e-012
4544	1.1751e-012
4545	1.1648e-012
4546	1.4804e-012
4547	1.3843e-012
4548	1.3758e-012
4549	1.6909e-012
4550	1.5934e-012
4551	1.5864e-012
4552	1.9007e-012
4553	1.8024e-012
4554	1.7965e-012
4555	2.1102e-012
4556	2.0112e-012
4557	2.006e-012
4558	2.22e-012
4559	2.2154e-012
4560	2.3197e-012
4561	2.7247e-013
4562	1.9e-013
4563	1.7572e-013
4564	8.4856e-014
4565	4.716e-013
4566	3.9383e-013
4567	3.7155e-013
4568	6.7435e-013
4569	5.9519e-013
4570	5.7365e-013
4571	8.7848e-013
4572	7.959e-013
4573	7.7695e-013
4574	1.0841e-012
4575	9.9735e-013
4576	9.8202e-013
4577	1.2907e-012
4578	1.2004e-012
4579	1.1881e-012
4580	1.498e-012
4581	1.4049e-012
4582	1.3951e-012
4583	1.7056e-012
4584	1.6104e-012
4585	1.6024e-012
4586	1.9133e-012
4587	1.8167e-012
4588	1.81e-012
4589	2.1213e-012
4590	2.0236e-012
4591	2.0178e-012
4592	2.2311e-012
4593	2.2259e-012
4594	2.3297e-012
4595	3.1955e-013
4596	2.1688e-013
4597	9.9812e-014
4598	2.4407e-013
4599	5.2289e-013
4600	4.2195e-013
4601	4.6095e-013
4602	7.1963e-013
4603	6.2252e-013
4604	6.5091e-013
4605	9.1559e-013
4606	8.1804e-013
4607	8.3993e-013
4608	1.1138e-012
4609	1.0152e-012
4610	1.0314e-012
4611	1.3144e-012
4612	1.2146e-012
4613	1.2269e-012
4614	1.5171e-012
4615	1.4163e-012
4616	1.4258e-012
4617	1.7214e-012
4618	1.6198e-012
4619	1.6275e-012
4620	1.9269e-012
4621	1.8246e-012
4622	1.8312e-012
4623	2.1333e-012
4624	2.0305e-012
4625	2.0363e-012
4626	2.2373e-012
4627	2.3406e-012
4628	2.2426e-012
4629	3.2072e-013
4630	1.9084e-013
4631	2.1837e-013
4632	1.0017e-013
4633	2.4468e-013
4634	5.25e-013
4635	3.9564e-013
4636	4.2536e-013
4637	4.6242e-013
4638	7.225e-013
4639	5.9788e-013
4640	6.2772e-013
4641	6.5332e-013
4642	9.1885e-013
4643	7.9913e-013
4644	8.2437e-013
4645	8.4297e-013
4646	1.1171e-012
4647	1.0007e-012
4648	1.0219e-012
4649	1.0347e-012
4650	1.3175e-012
4651	1.2037e-012
4652	1.221e-012
4653	1.2301e-012
4654	1.5199e-012
4655	1.4078e-012
4656	1.4221e-012
4657	1.4288e-012
4658	1.7239e-012
4659	1.6131e-012
4660	1.625e-012
4661	1.6301e-012
4662	1.9291e-012
4663	1.8191e-012
4664	1.8293e-012
4665	1.8335e-012
4666	2.1354e-012
4667	2.0257e-012
4668	2.0347e-012
4669	2.0385e-012
4670	2.233e-012
4671	2.2412e-012
4672	2.3425e-012
4673	2.2446e-012
4674	2.7391e-013
4675	1.6741e-013
4676	1.7765e-013
4677	8.5297e-014
4678	4.7402e-013
4679	3.5688e-013
4680	3.7557e-013
4681	6.7749e-013
4682	5.5725e-013
4683	5.7944e-013
4684	8.8193e-013
4685	7.6249e-013
4686	7.8374e-013
4687	1.0875e-012
4688	9.6993e-013
4689	9.8899e-013
4690	1.2939e-012
4691	1.1784e-012
4692	1.1947e-012
4693	1.5008e-012
4694	1.3873e-012
4695	1.401e-012
4696	1.7081e-012
4697	1.5961e-012
4698	1.6077e-012
4699	1.9155e-012
4700	1.8048e-012
4701	1.8146e-012
4702	2.1233e-012
4703	2.0133e-012
4704	2.022e-012
4705	2.2219e-012
4706	2.2297e-012
4707	2.3316e-012
4708	2.5054e-013
4709	1.5642e-013
4710	1.626e-013
4711	7.7289e-014
4712	4.4237e-013
4713	3.3568e-013
4714	3.4774e-013
4715	6.4466e-013
4716	5.3114e-013
4717	5.4663e-013
4718	8.5222e-013
4719	7.3617e-013
4720	7.5256e-013
4721	1.0621e-012
4722	9.4604e-013
4723	9.616e-013
4724	1.2728e-012
4725	1.1578e-012
4726	1.1717e-012
4727	1.4833e-012
4728	1.3699e-012
4729	1.3819e-012
4730	1.6934e-012
4731	1.5816e-012
4732	1.5917e-012
4733	1.903e-012
4734	1.7924e-012
4735	1.8011e-012
4736	2.1122e-012
4737	2.0025e-012
4738	2.0102e-012
4739	2.2123e-012
4740	2.2192e-012
4741	2.3215e-012
4742	2.3842e-013
4743	1.5056e-013
4744	1.5449e-013
4745	7.3404e-014
4746	4.2392e-013
4747	3.2419e-013
4748	3.3205e-013
4749	6.2355e-013
4750	5.1594e-013
4751	5.2662e-013
4752	8.3145e-013
4753	7.1971e-013
4754	7.3158e-013
4755	1.0433e-012
4756	9.3019e-013
4757	9.4187e-013
4758	1.2565e-012
4759	1.1436e-012
4760	1.1543e-012
4761	1.4695e-012
4762	1.3576e-012
4763	1.367e-012
4764	1.6817e-012
4765	1.571e-012
4766	1.5791e-012
4767	1.8929e-012
4768	1.7833e-012
4769	1.7903e-012
4770	2.1033e-012
4771	1.9946e-012
4772	2.0007e-012
4773	2.2051e-012
4774	2.2107e-012
4775	2.3134e-012
4776	2.323e-013
4777	1.4802e-013
4778	1.5056e-013
4779	7.1432e-014
4780	4.1429e-013
4781	3.1912e-013
4782	3.2419e-013
4783	6.1193e-013
4784	5.0898e-013
4785	5.1594e-013
4786	8.194e-013
4787	7.1187e-013
4788	7.1971e-013
4789	1.032e-012
4790	9.2238e-013
4791	9.3019e-013
4792	1.2464e-012
4793	1.1364e-012
4794	1.1436e-012
4795	1.4608e-012
4796	1.3513e-012
4797	1.3576e-012
4798	1.6742e-012
4799	1.5655e-012
4800	1.571e-012
4801	1.8863e-012
4802	1.7786e-012
4803	1.7833e-012
4804	2.0974e-012
4805	1.9904e-012
4806	1.9946e-012
4807	2.2013e-012
4808	2.2051e-012
4809	2.308e-012
4810	2.3044e-013
4811	1.4802e-013
4812	1.4935e-013
4813	7.0831e-014
4814	4.1131e-013
4815	3.1912e-013
4816	3.2176e-013
4817	6.0823e-013
4818	5.0898e-013
4819	5.1258e-013
4820	8.1548e-013
4821	7.1187e-013
4822	7.1589e-013
4823	1.0282e-012
4824	9.2238e-013
4825	9.2634e-013
4826	1.243e-012
4827	1.1364e-012
4828	1.14e-012
4829	1.4578e-012
4830	1.3513e-012
4831	1.3544e-012
4832	1.6716e-012
4833	1.5655e-012
4834	1.5683e-012
4835	1.8841e-012
4836	1.7786e-012
4837	1.7809e-012
4838	2.0954e-012
4839	1.9904e-012
4840	1.9925e-012
4841	2.2013e-012
4842	2.2032e-012
4843	2.3062e-012
4844	2.323e-013
4845	1.5056e-013
4846	1.5056e-013
4847	7.1432e-014
4848	4.1429e-013
4849	3.2419e-013
4850	3.2419e-013
4851	6.1193e-013
4852	5.1594e-013
4853	5.1594e-013
4854	8.194e-013
4855	7.1971e-013
4856	7.1971e-013
4857	1.032e-012
4858	9.3019e-013
4859	9.3019e-013
4860	1.2464e-012
4861	1.1436e-012
4862	1.1436e-012
4863	1.4608e-012
4864	1.3576e-012
4865	1.3576e-012
4866	1.6742e-012
4867	1.571e-012
4868	1.571e-012
4869	1.8863e-012
4870	1.7833e-012
4871	1.7833e-012
4872	2.0974e-012
4873	1.9946e-012
4874	1.9946e-012
4875	2.2051e-012
4876	2.2051e-012
4877	2.308e-012
4878	2.3842e-013
4879	1.5642e-013
4880	1.5449e-013
4881	7.3404e-014
4882	4.2392e-013
4883	3.3568e-013
4884	3.3205e-013
4885	6.2355e-013
4886	5.3114e-013
4887	5.2662e-013
4888	8.3145e-013
4889	7.3617e-013
4890	7.3158e-013
4891	1.0433e-012
4892	9.4604e-013
4893	9.4187e-013
4894	1.2565e-012
4895	1.1578e-012
4896	1.1543e-012
4897	1.4695e-012
4898	1.3699e-012
4899	1.367e-012
4900	1.6817e-012
4901	1.5816e-012
4902	1.5791e-012
4903	1.8929e-012
4904	1.7924e-012
4905	1.7903e-012
4906	2.1033e-012
4907	2.0025e-012
4908	2.0007e-012
4909	2.2123e-012
4910	2.2107e-012
4911	2.3134e-012
4912	2.5054e-013
4913	1.6741e-013
4914	1.626e-013
4915	7.7289e-014
4916	4.4237e-013
4917	3.5688e-013
4918	3.4774e-013
4919	6.4466e-013
4920	5.5725e-013
4921	5.4663e-013
4922	8.5222e-013
4923	7.6249e-013
4924	7.5256e-013
4925	1.0621e-012
4926	9.6993e-013
4927	9.616e-013
4928	1.2728e-012
4929	1.1784e-012
4930	1.1717e-012
4931	1.4833e-012
4932	1.3873e-012
4933	1.3819e-012
4934	1.6934e-012
4935	1.5961e-012
4936	1.5917e-012
4937	1.903e-012
4938	1.8048e-012
4939	1.8011e-012
4940	2.1122e-012
4941	2.0133e-012
4942	2.0102e-012
4943	2.2219e-012
4944	2.2192e-012
4945	2.3215e-012
4946	2.7391e-013
4947	1.9084e-013
4948	1.7765e-013
4949	8.5297e-014
4950	4.7402e-013
4951	3.9564e-013
4952	3.7557e-013
4953	6.7749e-013
4954	5.9788e-013
4955	5.7944e-013
4956	8.8193e-013
4957	7.9913e-013
4958	7.8374e-013
4959	1.0875e-012
4960	1.0007e-012
4961	9.8899e-013
4962	1.2939e-012
4963	1.2037e-012
4964	1.1947e-012
4965	1.5008e-012
4966	1.4078e-012
4967	1.401e-012
4968	1.7081e-012
4969	1.6131e-012
4970	1.6077e-012
4971	1.9155e-012
4972	1.8191e-012
4973	1.8146e-012
4974	2.1233e-012
4975	2.0257e-012
4976	2.022e-012
4977	2.233e-012
4978	2.2297e-012
4979	2.3316e-012
4980	3.2072e-013
4981	2.1837e-013
4982	1.0017e-013
4983	2.4468e-013
4984	5.25e-013
4985	4.2536e-013
4986	4.6242e-013
4987	7.225e-013
4988	6.2772e-013
4989	6.5332e-013
4990	9.1885e-013
4991	8.2437e-013
4992	8.4297e-013
4993	1.1171e-012
4994	1.0219e-012
4995	1.0347e-012
4996	1.3175e-012
4997	1.221e-012
4998	1.2301e-012
4999	1.5199e-012
5000	1.4221e-012
5001	1.4288e-012
5002	1.7239e-012
5003	1.625e-012
5004	1.6301e-012
5005	1.9291e-012
5006	1.8293e-012
5007	1.8335e-012
5008	2.1354e-012
5009	2.0347e-012
5010	2.0385e-012
5011	2.2412e-012
5012	2.3425e-012
5013	2.2446e-012
5014	3.2464e-013
5015	1.9361e-013
5016	2.2193e-013
5017	1.0138e-013
5018	2.4672e-013
5019	5.319e-013
5020	4.0157e-013
5021	4.3329e-013
5022	4.6728e-013
5023	7.3159e-013
5024	6.0647e-013
5025	6.3923e-013
5026	6.6101e-013
5027	9.2889e-013
5028	8.0918e-013
5029	8.3773e-013
5030	8.5242e-013
5031	1.127e-012
5032	1.011e-012
5033	1.0354e-012
5034	1.0447e-012
5035	1.3267e-012
5036	1.2134e-012
5037	1.2337e-012
5038	1.2397e-012
5039	1.5281e-012
5040	1.4166e-012
5041	1.4335e-012
5042	1.4375e-012
5043	1.7311e-012
5044	1.6207e-012
5045	1.635e-012
5046	1.6379e-012
5047	1.9356e-012
5048	1.8258e-012
5049	1.8381e-012
5050	1.8404e-012
5051	2.1412e-012
5052	2.0318e-012
5053	2.0427e-012
5054	2.0447e-012
5055	2.2387e-012
5056	2.2485e-012
5057	2.348e-012
5058	2.2504e-012
5059	2.7867e-013
5060	1.7071e-013
5061	1.822e-013
5062	8.6765e-014
5063	4.8189e-013
5064	3.6367e-013
5065	3.8484e-013
5066	6.8739e-013
5067	5.6673e-013
5068	5.9221e-013
5069	8.9254e-013
5070	7.7327e-013
5071	7.9806e-013
5072	1.0978e-012
5073	9.8074e-013
5074	1.0032e-012
5075	1.3033e-012
5076	1.1885e-012
5077	1.2078e-012
5078	1.5091e-012
5079	1.3962e-012
5080	1.4125e-012
5081	1.7153e-012
5082	1.6039e-012
5083	1.6177e-012
5084	1.9219e-012
5085	1.8116e-012
5086	1.8234e-012
5087	2.1291e-012
5088	2.0194e-012
5089	2.0298e-012
5090	2.2275e-012
5091	2.2369e-012
5092	2.337e-012
5093	2.5595e-013
5094	1.601e-013
5095	1.6776e-013
5096	7.8991e-014
5097	4.5106e-013
5098	3.4312e-013
5099	3.5806e-013
5100	6.5534e-013
5101	5.4133e-013
5102	5.6053e-013
5103	8.6345e-013
5104	7.4759e-013
5105	7.6783e-013
5106	1.0728e-012
5107	9.5735e-013
5108	9.7649e-013
5109	1.2824e-012
5110	1.1682e-012
5111	1.1852e-012
5112	1.4917e-012
5113	1.3791e-012
5114	1.3937e-012
5115	1.7007e-012
5116	1.5895e-012
5117	1.6019e-012
5118	1.9094e-012
5119	1.7993e-012
5120	1.81e-012
5121	2.118e-012
5122	2.0086e-012
5123	2.0181e-012
5124	2.2178e-012
5125	2.2263e-012
5126	2.3269e-012
5127	2.4428e-013
5128	1.5449e-013
5129	1.601e-013
5130	7.5274e-014
5131	4.3319e-013
5132	3.3205e-013
5133	3.4312e-013
5134	6.3481e-013
5135	5.2662e-013
5136	5.4133e-013
5137	8.4318e-013
5138	7.3158e-013
5139	7.4759e-013
5140	1.0544e-012
5141	9.4187e-013
5142	9.5735e-013
5143	1.2664e-012
5144	1.1543e-012
5145	1.1682e-012
5146	1.4781e-012
5147	1.367e-012
5148	1.3791e-012
5149	1.6891e-012
5150	1.5791e-012
5151	1.5895e-012
5152	1.8994e-012
5153	1.7903e-012
5154	1.7993e-012
5155	2.1091e-012
5156	2.0007e-012
5157	2.0086e-012
5158	2.2107e-012
5159	2.2178e-012
5160	2.3187e-012
5161	2.3842e-013
5162	1.5208e-013
5163	1.5642e-013
5164	7.3404e-014
5165	4.2392e-013
5166	3.2719e-013
5167	3.3568e-013
5168	6.2355e-013
5169	5.199e-013
5170	5.3114e-013
5171	8.3145e-013
5172	7.2397e-013
5173	7.3617e-013
5174	1.0433e-012
5175	9.3425e-013
5176	9.4604e-013
5177	1.2565e-012
5178	1.1472e-012
5179	1.1578e-012
5180	1.4695e-012
5181	1.3607e-012
5182	1.3699e-012
5183	1.6817e-012
5184	1.5737e-012
5185	1.5816e-012
5186	1.8929e-012
5187	1.7856e-012
5188	1.7924e-012
5189	2.1033e-012
5190	1.9965e-012
5191	2.0025e-012
5192	2.2069e-012
5193	2.2123e-012
5194	2.3134e-012
5195	2.3665e-013
5196	1.5208e-013
5197	1.553e-013
5198	7.2836e-014
5199	4.2105e-013
5200	3.2719e-013
5201	3.3339e-013
5202	6.1997e-013
5203	5.199e-013
5204	5.2794e-013
5205	8.2763e-013
5206	7.2397e-013
5207	7.325e-013
5208	1.0396e-012
5209	9.3425e-013
5210	9.4231e-013
5211	1.2531e-012
5212	1.1472e-012
5213	1.1544e-012
5214	1.4666e-012
5215	1.3607e-012
5216	1.3668e-012
5217	1.6791e-012
5218	1.5737e-012
5219	1.5788e-012
5220	1.8906e-012
5221	1.7856e-012
5222	1.79e-012
5223	2.1012e-012
5224	1.9965e-012
5225	2.0004e-012
5226	2.2069e-012
5227	2.2103e-012
5228	2.3115e-012
5229	2.3842e-013
5230	1.5449e-013
5231	1.5642e-013
5232	7.3404e-014
5233	4.2392e-013
5234	3.3205e-013
5235	3.3568e-013
5236	6.2355e-013
5237	5.2662e-013
5238	5.3114e-013
5239	8.3145e-013
5240	7.3158e-013
5241	7.3617e-013
5242	1.0433e-012
5243	9.4187e-013
5244	9.4604e-013
5245	1.2565e-012
5246	1.1543e-012
5247	1.1578e-012
5248	1.4695e-012
5249	1.367e-012
5250	1.3699e-012
5251	1.6817e-012
5252	1.5791e-012
5253	1.5816e-012
5254	1.8929e-012
5255	1.7903e-012
5256	1.7924e-012
5257	2.1033e-012
5258	2.0007e-012
5259	2.0025e-012
5260	2.2107e-012
5261	2.2123e-012
5262	2.3134e-012
5263	2.4428e-013
5264	1.601e-013
5265	1.601e-013
5266	7.5274e-014
5267	4.3319e-013
5268	3.4312e-013
5269	3.4312e-013
5270	6.3481e-013
5271	5.4133e-013
5272	5.4133e-013
5273	8.4318e-013
5274	7.4759e-013
5275	7.4759e-013
5276	1.0544e-012
5277	9.5735e-013
5278	9.5735e-013
5279	1.2664e-012
5280	1.1682e-012
5281	1.1682e-012
5282	1.4781e-012
5283	1.3791e-012
5284	1.3791e-012
5285	1.6891e-012
5286	1.5895e-012
5287	1.5895e-012
5288	1.8994e-012
5289	1.7993e-012
5290	1.7993e-012
5291	2.1091e-012
5292	2.0086e-012
5293	2.0086e-012
5294	2.2178e-012
5295	2.2178e-012
5296	2.3187e-012
5297	2.5595e-013
5298	1.7071e-013
5299	1.6776e-013
5300	7.8991e-014
5301	4.5106e-013
5302	3.6367e-013
5303	3.5806e-013
5304	6.5534e-013
5305	5.6673e-013
5306	5.6053e-013
5307	8.6345e-013
5308	7.7327e-013
5309	7.6783e-013
5310	1.0728e-012
5311	9.8074e-013
5312	9.7649e-013
5313	1.2824e-012
5314	1.1885e-012
5315	1.1852e-012
5316	1.4917e-012
5317	1.3962e-012
5318	1.3937e-012
5319	1.7007e-012
5320	1.6039e-012
5321	1.6019e-012
5322	1.9094e-012
5323	1.8116e-012
5324	1.81e-012
5325	2.118e-012
5326	2.0194e-012
5327	2.0181e-012
5328	2.2275e-012
5329	2.2263e-012
5330	2.3269e-012
5331	2.7867e-013
5332	1.9361e-013
5333	1.822e-013
5334	8.6765e-014
5335	4.8189e-013
5336	4.0157e-013
5337	3.8484e-013
5338	6.8739e-013
5339	6.0647e-013
5340	5.9221e-013
5341	8.9254e-013
5342	8.0918e-013
5343	7.9806e-013
5344	1.0978e-012
5345	1.011e-012
5346	1.0032e-012
5347	1.3033e-012
5348	1.2134e-012
5349	1.2078e-012
5350	1.5091e-012
5351	1.4166e-012
5352	1.4125e-012
5353	1.7153e-012
5354	1.6207e-012
5355	1.6177e-012
5356	1.9219e-012
5357	1.8258e-012
5358	1.8234e-012
5359	2.1291e-012
5360	2.0318e-012
5361	2.0298e-012
5362	2.2387e-012
5363	2.2369e-012
5364	2.337e-012
5365	3.2464e-013
5366	2.2193e-013
5367	1.0138e-013
5368	2.4672e-013
5369	5.319e-013
5370	4.3329e-013
5371	4.6728e-013
5372	7.3159e-013
5373	6.3923e-013
5374	6.6101e-013
5375	9.2889e-013
5376	8.3773e-013
5377	8.5242e-013
5378	1.127e-012
5379	1.0354e-012
5380	1.0447e-012
5381	1.3267e-012
5382	1.2337e-012
5383	1.2397e-012
5384	1.5281e-012
5385	1.4335e-012
5386	1.4375e-012
5387	1.7311e-012
5388	1.635e-012
5389	1.6379e-012
5390	1.9356e-012
5391	1.8381e-012
5392	1.8404e-012
5393	2.1412e-012
5394	2.0427e-012
5395	2.0447e-012
5396	2.2485e-012
5397	2.348e-012
5398	2.2504e-012
5399	3.3275e-013
5400	1.9955e-013
5401	2.2911e-013
5402	1.0389e-013
5403	2.5129e-013
5404	5.4545e-013
5405	4.1371e-013
5406	4.4855e-013
5407	4.7742e-013
5408	7.4828e-013
5409	6.228e-013
5410	6.5941e-013
5411	6.7573e-013
5412	9.4627e-013
5413	8.2706e-013
5414	8.5932e-013
5415	8.6923e-013
5416	1.1435e-012
5417	1.0285e-012
5418	1.056e-012
5419	1.0615e-012
5420	1.3414e-012
5421	1.2292e-012
5422	1.2522e-012
5423	1.2553e-012
5424	1.541e-012
5425	1.4305e-012
5426	1.4496e-012
5427	1.4514e-012
5428	1.7424e-012
5429	1.6328e-012
5430	1.6489e-012
5431	1.65e-012
5432	1.9456e-012
5433	1.8364e-012
5434	1.8502e-012
5435	1.8511e-012
5436	2.1503e-012
5437	2.0412e-012
5438	2.0535e-012
5439	2.0543e-012
5440	2.2473e-012
5441	2.2585e-012
5442	2.3565e-012
5443	2.2593e-012
5444	2.8837e-013
5445	1.7767e-013
5446	1.9106e-013
5447	8.9751e-014
5448	4.9725e-013
5449	3.7745e-013
5450	4.0246e-013
5451	7.0556e-013
5452	5.8467e-013
5453	6.1454e-013
5454	9.1094e-013
5455	7.9243e-013
5456	8.2119e-013
5457	1.1149e-012
5458	9.9906e-013
5459	1.0247e-012
5460	1.3184e-012
5461	1.2049e-012
5462	1.2268e-012
5463	1.5222e-012
5464	1.4104e-012
5465	1.4289e-012
5466	1.7266e-012
5467	1.6161e-012
5468	1.6317e-012
5469	1.9319e-012
5470	1.8222e-012
5471	1.8355e-012
5472	2.1381e-012
5473	2.0288e-012
5474	2.0405e-012
5475	2.236e-012
5476	2.2467e-012
5477	2.3453e-012
5478	2.6683e-013
5479	1.6776e-013
5480	1.7767e-013
5481	8.2417e-014
5482	4.6789e-013
5483	3.5806e-013
5484	3.7745e-013
5485	6.7486e-013
5486	5.6053e-013
5487	5.8467e-013
5488	8.8289e-013
5489	7.6783e-013
5490	7.9243e-013
5491	1.0906e-012
5492	9.7649e-013
5493	9.9906e-013
5494	1.298e-012
5495	1.1852e-012
5496	1.2049e-012
5497	1.5051e-012
5498	1.3937e-012
5499	1.4104e-012
5500	1.7122e-012
5501	1.6019e-012
5502	1.6161e-012
5503	1.9194e-012
5504	1.81e-012
5505	1.8222e-012
5506	2.127e-012
5507	2.0181e-012
5508	2.0288e-012
5509	2.2263e-012
5510	2.236e-012
5511	2.3351e-012
5512	2.5595e-013
5513	1.626e-013
5514	1.7071e-013
5515	7.8991e-014
5516	4.5106e-013
5517	3.4774e-013
5518	3.6367e-013
5519	6.5534e-013
5520	5.4663e-013
5521	5.6673e-013
5522	8.6345e-013
5523	7.5256e-013
5524	7.7327e-013
5525	1.0728e-012
5526	9.616e-013
5527	9.8074e-013
5528	1.2824e-012
5529	1.1717e-012
5530	1.1885e-012
5531	1.4917e-012
5532	1.3819e-012
5533	1.3962e-012
5534	1.7007e-012
5535	1.5917e-012
5536	1.6039e-012
5537	1.9094e-012
5538	1.8011e-012
5539	1.8116e-012
5540	2.118e-012
5541	2.0102e-012
5542	2.0194e-012
5543	2.2192e-012
5544	2.2275e-012
5545	2.3269e-012
5546	2.5054e-013
5547	1.6039e-013
5548	1.6741e-013
5549	7.7289e-014
5550	4.4237e-013
5551	3.4324e-013
5552	3.5688e-013
5553	6.4466e-013
5554	5.4032e-013
5555	5.5725e-013
5556	8.5222e-013
5557	7.4531e-013
5558	7.6249e-013
5559	1.0621e-012
5560	9.5427e-013
5561	9.6993e-013
5562	1.2728e-012
5563	1.1648e-012
5564	1.1784e-012
5565	1.4833e-012
5566	1.3758e-012
5567	1.3873e-012
5568	1.6934e-012
5569	1.5864e-012
5570	1.5961e-012
5571	1.903e-012
5572	1.7965e-012
5573	1.8048e-012
5574	2.1122e-012
5575	2.006e-012
5576	2.0133e-012
5577	2.2154e-012
5578	2.2219e-012
5579	2.3215e-012
5580	2.4891e-013
5581	1.6039e-013
5582	1.664e-013
5583	7.6775e-014
5584	4.397e-013
5585	3.4324e-013
5586	3.548e-013
5587	6.4128e-013
5588	5.4032e-013
5589	5.5428e-013
5590	8.4856e-013
5591	7.4531e-013
5592	7.5903e-013
5593	1.0586e-012
5594	9.5427e-013
5595	9.6637e-013
5596	1.2695e-012
5597	1.1648e-012
5598	1.1751e-012
5599	1.4804e-012
5600	1.3758e-012
5601	1.3843e-012
5602	1.6909e-012
5603	1.5864e-012
5604	1.5934e-012
5605	1.9007e-012
5606	1.7965e-012
5607	1.8024e-012
5608	2.1102e-012
5609	2.006e-012
5610	2.0112e-012
5611	2.2154e-012
5612	2.22e-012
5613	2.3197e-012
5614	2.5054e-013
5615	1.626e-013
5616	1.6741e-013
5617	7.7289e-014
5618	4.4237e-013
5619	3.4774e-013
5620	3.5688e-013
5621	6.4466e-013
5622	5.4663e-013
5623	5.5725e-013
5624	8.5222e-013
5625	7.5256e-013
5626	7.6249e-013
5627	1.0621e-012
5628	9.616e-013
5629	9.6993e-013
5630	1.2728e-012
5631	1.1717e-012
5632	1.1784e-012
5633	1.4833e-012
5634	1.3819e-012
5635	1.3873e-012
5636	1.6934e-012
5637	1.5917e-012
5638	1.5961e-012
5639	1.903e-012
5640	1.8011e-012
5641	1.8048e-012
5642	2.1122e-012
5643	2.0102e-012
5644	2.0133e-012
5645	2.2192e-012
5646	2.2219e-012
5647	2.3215e-012
5648	2.5595e-013
5649	1.6776e-013
5650	1.7071e-013
5651	7.8991e-014
5652	4.5106e-013
5653	3.5806e-013
5654	3.6367e-013
5655	6.5534e-013
5656	5.6053e-013
5657	5.6673e-013
5658	8.6345e-013
5659	7.6783e-013
5660	7.7327e-013
5661	1.0728e-012
5662	9.7649e-013
5663	9.8074e-013
5664	1.2824e-012
5665	1.1852e-012
5666	1.1885e-012
5667	1.4917e-012
5668	1.3937e-012
5669	1.3962e-012
5670	1.7007e-012
5671	1.6019e-012
5672	1.6039e-012
5673	1.9094e-012
5674	1.81e-012
5675	1.8116e-012
5676	2.118e-012
5677	2.0181e-012
5678	2.0194e-012
5679	2.2263e-012
5680	2.2275e-012
5681	2.3269e-012
5682	2.6683e-013
5683	1.7767e-013
5684	1.7767e-013
5685	8.2417e-014
5686	4.6789e-013
5687	3.7745e-013
5688	3.7745e-013
5689	6.7486e-013
5690	5.8467e-013
5691	5.8467e-013
5692	8.8289e-013
5693	7.9243e-013
5694	7.9243e-013
5695	1.0906e-012
5696	9.9906e-013
5697	9.9906e-013
5698	1.298e-012
5699	1.2049e-012
5700	1.2049e-012
5701	1.5051e-012
5702	1.4104e-012
5703	1.4104e-012
5704	1.7122e-012
5705	1.6161e-012
5706	1.6161e-012
5707	1.9194e-012
5708	1.8222e-012
5709	1.8222e-012
5710	2.127e-012
5711	2.0288e-012
5712	2.0288e-012
5713	2.236e-012
5714	2.236e-012
5715	2.3351e-012
5716	2.8837e-013
5717	1.9955e-013
5718	1.9106e-013
5719	8.9751e-014
5720	4.9725e-013
5721	4.1371e-013
5722	4.0246e-013
5723	7.0556e-013
5724	6.228e-013
5725	6.1454e-013
5726	9.1094e-013
5727	8.2706e-013
5728	8.2119e-013
5729	1.1149e-012
5730	1.0285e-012
5731	1.0247e-012
5732	1.3184e-012
5733	1.2292e-012
5734	1.2268e-012
5735	1.5222e-012
5736	1.4305e-012
5737	1.4289e-012
5738	1.7266e-012
5739	1.6328e-012
5740	1.6317e-012
5741	1.9319e-012
5742	1.8364e-012
5743	1.8355e-012
5744	2.1381e-012
5745	2.0412e-012
5746	2.0405e-012
5747	2.2473e-012
5748	2.2467e-012
5749	2.3453e-012
5750	3.3275e-013
5751	2.2911e-013
5752	1.0389e-013
5753	2.5129e-013
5754	5.4545e-013
5755	4.4855e-013
5756	4.7742e-013
5757	7.4828e-013
5758	6.5941e-013
5759	6.7573e-013
5760	9.4627e-013
5761	8.5932e-013
5762	8.6923e-013
5763	1.1435e-012
5764	1.056e-012
5765	1.0615e-012
5766	1.3414e-012
5767	1.2522e-012
5768	1.2553e-012
5769	1.541e-012
5770	1.4496e-012
5771	1.4514e-012
5772	1.7424e-012
5773	1.6489e-012
5774	1.65e-012
5775	1.9456e-012
5776	1.8502e-012
5777	1.8511e-012
5778	2.1503e-012
5779	2.0535e-012
5780	2.0543e-012
5781	2.2585e-012
5782	2.3565e-012
5783	2.2593e-012
5784	3.495e-013
5785	2.1126e-013
5786	2.4605e-013
5787	1.0951e-013
5788	2.6066e-013
5789	5.6956e-013
5790	4.3605e-013
5791	4.7822e-013
5792	4.9641e-013
5793	7.7476e-013
5794	6.5019e-013
5795	6.9186e-013
5796	7.0049e-013
5797	9.7143e-013
5798	8.5399e-013
5799	8.9e-013
5800	8.9451e-013
5801	1.1659e-012
5802	1.0529e-012
5803	1.0829e-012
5804	1.0851e-012
5805	1.3608e-012
5806	1.2504e-012
5807	1.2751e-012
5808	1.276e-012
5809	1.5576e-012
5810	1.4485e-012
5811	1.4689e-012
5812	1.4693e-012
5813	1.7567e-012
5814	1.6482e-012
5815	1.6653e-012
5816	1.6655e-012
5817	1.9581e-012
5818	1.8497e-012
5819	1.8644e-012
5820	1.8645e-012
5821	2.1617e-012
5822	2.0531e-012
5823	2.0661e-012
5824	2.0663e-012
5825	2.2581e-012
5826	2.2701e-012
5827	2.367e-012
5828	2.2703e-012
5829	3.0797e-013
5830	1.9106e-013
5831	2.1126e-013
5832	9.6359e-014
5833	5.2435e-013
5834	4.0246e-013
5835	4.3605e-013
5836	7.3431e-013
5837	6.1454e-013
5838	6.5019e-013
5839	9.3757e-013
5840	8.2119e-013
5841	8.5399e-013
5842	1.1382e-012
5843	1.0247e-012
5844	1.0529e-012
5845	1.3382e-012
5846	1.2268e-012
5847	1.2504e-012
5848	1.5389e-012
5849	1.4289e-012
5850	1.4485e-012
5851	1.7409e-012
5852	1.6317e-012
5853	1.6482e-012
5854	1.9444e-012
5855	1.8355e-012
5856	1.8497e-012
5857	2.1493e-012
5858	2.0405e-012
5859	2.0531e-012
5860	2.2467e-012
5861	2.2581e-012
5862	2.3556e-012
5863	2.8837e-013
5864	1.822e-013
5865	1.9955e-013
5866	8.9751e-014
5867	4.9725e-013
5868	3.8484e-013
5869	4.1371e-013
5870	7.0556e-013
5871	5.9221e-013
5872	6.228e-013
5873	9.1094e-013
5874	7.9806e-013
5875	8.2706e-013
5876	1.1149e-012
5877	1.0032e-012
5878	1.0285e-012
5879	1.3184e-012
5880	1.2078e-012
5881	1.2292e-012
5882	1.5222e-012
5883	1.4125e-012
5884	1.4305e-012
5885	1.7266e-012
5886	1.6177e-012
5887	1.6328e-012
5888	1.9319e-012
5889	1.8234e-012
5890	1.8364e-012
5891	2.1381e-012
5892	2.0298e-012
5893	2.0412e-012
5894	2.2369e-012
5895	2.2473e-012
5896	2.3453e-012
5897	2.7867e-013
5898	1.7765e-013
5899	1.9361e-013
5900	8.6765e-014
5901	4.8189e-013
5902	3.7557e-013
5903	4.0157e-013
5904	6.8739e-013
5905	5.7944e-013
5906	6.0647e-013
5907	8.9254e-013
5908	7.8374e-013
5909	8.0918e-013
5910	1.0978e-012
5911	9.8899e-013
5912	1.011e-012
5913	1.3033e-012
5914	1.1947e-012
5915	1.2134e-012
5916	1.5091e-012
5917	1.401e-012
5918	1.4166e-012
5919	1.7153e-012
5920	1.6077e-012
5921	1.6207e-012
5922	1.9219e-012
5923	1.8146e-012
5924	1.8258e-012
5925	2.1291e-012
5926	2.022e-012
5927	2.0318e-012
5928	2.2297e-012
5929	2.2387e-012
5930	2.337e-012
5931	2.7391e-013
5932	1.7572e-013
5933	1.9084e-013
5934	8.5297e-014
5935	4.7402e-013
5936	3.7155e-013
5937	3.9564e-013
5938	6.7749e-013
5939	5.7365e-013
5940	5.9788e-013
5941	8.8193e-013
5942	7.7695e-013
5943	7.9913e-013
5944	1.0875e-012
5945	9.8202e-013
5946	1.0007e-012
5947	1.2939e-012
5948	1.1881e-012
5949	1.2037e-012
5950	1.5008e-012
5951	1.3951e-012
5952	1.4078e-012
5953	1.7081e-012
5954	1.6024e-012
5955	1.6131e-012
5956	1.9155e-012
5957	1.81e-012
5958	1.8191e-012
5959	2.1233e-012
5960	2.0178e-012
5961	2.0257e-012
5962	2.2259e-012
5963	2.233e-012
5964	2.3316e-012
5965	2.7247e-013
5966	1.7572e-013
5967	1.9e-013
5968	8.4856e-014
5969	4.716e-013
5970	3.7155e-013
5971	3.9383e-013
5972	6.7435e-013
5973	5.7365e-013
5974	5.9519e-013
5975	8.7848e-013
5976	7.7695e-013
5977	7.959e-013
5978	1.0841e-012
5979	9.8202e-013
5980	9.9735e-013
5981	1.2907e-012
5982	1.1881e-012
5983	1.2004e-012
5984	1.498e-012
5985	1.3951e-012
5986	1.4049e-012
5987	1.7056e-012
5988	1.6024e-012
5989	1.6104e-012
5990	1.9133e-012
5991	1.81e-012
5992	1.8167e-012
5993	2.1213e-012
5994	2.0178e-012
5995	2.0236e-012
5996	2.2259e-012
5997	2.2311e-012
5998	2.3297e-012
5999	2.7391e-013
6000	1.7765e-013
6001	1.9084e-013
6002	8.5297e-014
6003	4.7402e-013
6004	3.7557e-013
6005	3.9564e-013
6006	6.7749e-013
6007	5.7944e-013
6008	5.9788e-013
6009	8.8193e-013
6010	7.8374e-013
6011	7.9913e-013
6012	1.0875e-012
6013	9.8899e-013
6014	1.0007e-012
6015	1.2939e-012
6016	1.1947e-012
6017	1.2037e-012
6018	1.5008e-012
6019	1.401e-012
6020	1.4078e-012
6021	1.7081e-012
6022	1.6077e-012
6023	1.6131e-012
6024	1.9155e-012
6025	1.8146e-012
6026	1.8191e-012
6027	2.1233e-012
6028	2.022e-012
6029	2.0257e-012
6030	2.2297e-012
6031	2.233e-012
6032	2.3316e-012
6033	2.7867e-013
6034	1.822e-013
6035	1.9361e-013
6036	8.6765e-014
6037	4.8189e-013
6038	3.8484e-013
6039	4.0157e-013
6040	6.8739e-013
6041	5.9221e-013
6042	6.0647e-013
6043	8.9254e-013
6044	7.9806e-013
6045	8.0918e-013
6046	1.0978e-012
6047	1.0032e-012
6048	1.011e-012
6049	1.3033e-012
6050	1.2078e-012
6051	1.2134e-012
6052	1.5091e-012
6053	1.4125e-012
6054	1.4166e-012
6055	1.7153e-012
6056	1.6177e-012
6057	1.6207e-012
6058	1.9219e-012
6059	1.8234e-012
6060	1.8258e-012
6061	2.1291e-012
6062	2.0298e-012
6063	2.0318e-012
6064	2.2369e-012
6065	2.2387e-012
6066	2.337e-012
6067	2.8837e-013
6068	1.9106e-013
6069	1.9955e-013
6070	8.9751e-014
6071	4.9725e-013
6072	4.0246e-013
6073	4.1371e-013
6074	7.0556e-013
6075	6.1454e-013
6076	6.228e-013
6077	9.1094e-013
6078	8.2119e-013
6079	8.2706e-013
6080	1.1149e-012
6081	1.0247e-012
6082	1.0285e-012
6083	1.3184e-012
6084	1.2268e-012
6085	1.2292e-012
6086	1.5222e-012
6087	1.4289e-012
6088	1.4305e-012
6089	1.7266e-012
6090	1.6317e-012
6091	1.6328e-012
6092	1.9319e-012
6093	1.8355e-012
6094	1.8364e-012
6095	2.1381e-012
6096	2.0405e-012
6097	2.0412e-012
6098	2.2467e-012
6099	2.2473e-012
6100	2.3453e-012
6101	3.0797e-013
6102	2.1126e-013
6103	2.1126e-013
6104	9.6359e-014
6105	5.2435e-013
6106	4.3605e-013
6107	4.3605e-013
6108	7.3431e-013
6109	6.5019e-013
6110	6.5019e-013
6111	9.3757e-013
6112	8.5399e-013
6113	8.5399e-013
6114	1.1382e-012
6115	1.0529e-012
6116	1.0529e-012
6117	1.3382e-012
6118	1.2504e-012
6119	1.2504e-012
6120	1.5389e-012
6121	1.4485e-012
6122	1.4485e-012
6123	1.7409e-012
6124	1.6482e-012
6125	1.6482e-012
6126	1.9444e-012
6127	1.8497e-012
6128	1.8497e-012
6129	2.1493e-012
6130	2.0531e-012
6131	2.0531e-012
6132	2.2581e-012
6133	2.2581e-012
6134	2.3556e-012
6135	3.495e-013
6136	2.4605e-013
6137	1.0951e-013
6138	2.6066e-013
6139	5.6956e-013
6140	4.7822e-013
6141	4.9641e-013
6142	7.7476e-013
6143	6.9186e-013
6144	7.0049e-013
6145	9.7143e-013
6146	8.9e-013
6147	8.9451e-013
6148	1.1659e-012
6149	1.0829e-012
6150	1.0851e-012
6151	1.3608e-012
6152	1.2751e-012
6153	1.276e-012
6154	1.5576e-012
6155	1.4689e-012
6156	1.4693e-012
6157	1.7567e-012
6158	1.6653e-012
6159	1.6655e-012
6160	1.9581e-012
6161	1.8644e-012
6162	1.8645e-012
6163	2.1617e-012
6164	2.0661e-012
6165	2.0663e-012
6166	2.2701e-012
6167	2.367e-012
6168	2.2703e-012
6169	3.8637e-013
6170	2.4605e-013
6171	1.2141e-013
6172	2.9064e-013
6173	2.9064e-013
6174	6.1044e-013
6175	4.7822e-013
6176	5.3311e-013
6177	5.3311e-013
6178	8.1232e-013
6179	6.9186e-013
6180	7.3841e-013
6181	7.3841e-013
6182	1.0036e-012
6183	8.9e-013
6184	9.2833e-013
6185	9.2833e-013
6186	1.1927e-012
6187	1.0829e-012
6188	1.1139e-012
6189	1.1139e-012
6190	1.383e-012
6191	1.2751e-012
6192	1.3002e-012
6193	1.3002e-012
6194	1.5762e-012
6195	1.4689e-012
6196	1.4895e-012
6197	1.4895e-012
6198	1.7725e-012
6199	1.6653e-012
6200	1.6825e-012
6201	1.6825e-012
6202	1.972e-012
6203	1.8644e-012
6204	1.8794e-012
6205	1.8794e-012
6206	2.1742e-012
6207	2.0661e-012
6208	2.0796e-012
6209	2.0796e-012
6210	2.2701e-012
6211	2.3787e-012
6212	2.2825e-012
6213	2.2825e-012
6214	3.495e-013
6215	2.2911e-013
6216	1.0951e-013
6217	2.6066e-013
6218	5.6956e-013
6219	4.4855e-013
6220	4.9641e-013
6221	7.7476e-013
6222	6.5941e-013
6223	7.0049e-013
6224	9.7143e-013
6225	8.5932e-013
6226	8.9451e-013
6227	1.1659e-012
6228	1.056e-012
6229	1.0851e-012
6230	1.3608e-012
6231	1.2522e-012
6232	1.276e-012
6233	1.5576e-012
6234	1.4496e-012
6235	1.4693e-012
6236	1.7567e-012
6237	1.6489e-012
6238	1.6655e-012
6239	1.9581e-012
6240	1.8502e-012
6241	1.8645e-012
6242	2.1617e-012
6243	2.0535e-012
6244	2.0663e-012
6245	2.2585e-012
6246	2.367e-012
6247	2.2703e-012
6248	3.3275e-013
6249	2.2193e-013
6250	1.0389e-013
6251	2.5129e-013
6252	5.4545e-013
6253	4.3329e-013
6254	4.7742e-013
6255	7.4828e-013
6256	6.3923e-013
6257	6.7573e-013
6258	9.4627e-013
6259	8.3773e-013
6260	8.6923e-013
6261	1.1435e-012
6262	1.0354e-012
6263	1.0615e-012
6264	1.3414e-012
6265	1.2337e-012
6266	1.2553e-012
6267	1.541e-012
6268	1.4335e-012
6269	1.4514e-012
6270	1.7424e-012
6271	1.635e-012
6272	1.65e-012
6273	1.9456e-012
6274	1.8381e-012
6275	1.8511e-012
6276	2.1503e-012
6277	2.0427e-012
6278	2.0543e-012
6279	2.2485e-012
6280	2.3565e-012
6281	2.2593e-012
6282	3.2464e-013
6283	2.1837e-013
6284	1.0138e-013
6285	2.4672e-013
6286	5.319e-013
6287	4.2536e-013
6288	4.6728e-013
6289	7.3159e-013
6290	6.2772e-013
6291	6.6101e-013
6292	9.2889e-013
6293	8.2437e-013
6294	8.5242e-013
6295	1.127e-012
6296	1.0219e-012
6297	1.0447e-012
6298	1.3267e-012
6299	1.221e-012
6300	1.2397e-012
6301	1.5281e-012
6302	1.4221e-012
6303	1.4375e-012
6304	1.7311e-012
6305	1.625e-012
6306	1.6379e-012
6307	1.9356e-012
6308	1.8293e-012
6309	1.8404e-012
6310	2.1412e-012
6311	2.0347e-012
6312	2.0447e-012
6313	2.2412e-012
6314	2.348e-012
6315	2.2504e-012
6316	3.2072e-013
6317	2.1688e-013
6318	1.0017e-013
6319	2.4468e-013
6320	5.25e-013
6321	4.2195e-013
6322	4.6242e-013
6323	7.225e-013
6324	6.2252e-013
6325	6.5332e-013
6326	9.1885e-013
6327	8.1804e-013
6328	8.4297e-013
6329	1.1171e-012
6330	1.0152e-012
6331	1.0347e-012
6332	1.3175e-012
6333	1.2146e-012
6334	1.2301e-012
6335	1.5199e-012
6336	1.4163e-012
6337	1.4288e-012
6338	1.7239e-012
6339	1.6198e-012
6340	1.6301e-012
6341	1.9291e-012
6342	1.8246e-012
6343	1.8335e-012
6344	2.1354e-012
6345	2.0305e-012
6346	2.0385e-012
6347	2.2373e-012
6348	2.3425e-012
6349	2.2446e-012
6350	3.1955e-013
6351	2.1688e-013
6352	9.9812e-014
6353	2.4407e-013
6354	5.2289e-013
6355	4.2195e-013
6356	4.6095e-013
6357	7.1963e-013
6358	6.2252e-013
6359	6.5091e-013
6360	9.1559e-013
6361	8.1804e-013
6362	8.3993e-013
6363	1.1138e-012
6364	1.0152e-012
6365	1.0314e-012
6366	1.3144e-012
6367	1.2146e-012
6368	1.2269e-012
6369	1.5171e-012
6370	1.4163e-012
6371	1.4258e-012
6372	1.7214e-012
6373	1.6198e-012
6374	1.6275e-012
6375	1.9269e-012
6376	1.8246e-012
6377	1.8312e-012
6378	2.1333e-012
6379	2.0305e-012
6380	2.0363e-012
6381	2.2373e-012
6382	2.3406e-012
6383	2.2426e-012
6384	3.2072e-013
6385	2.1837e-013
6386	1.0017e-013
6387	2.4468e-013
6388	5.25e-013
6389	4.2536e-013
6390	4.6242e-013
6391	7.225e-013
6392	6.2772e-013
6393	6.5332e-013
6394	9.1885e-013
6395	8.2437e-013
6396	8.4297e-013
6397	1.1171e-012
6398	1.0219e-012
6399	1.0347e-012
6400	1.3175e-012
6401	1.221e-012
6402	1.2301e-012
6403	1.5199e-012
6404	1.4221e-012
6405	1.4288e-012
6406	1.7239e-012
6407	1.625e-012
6408	1.6301e-012
6409	1.9291e-012
6410	1.8293e-012
6411	1.8335e-012
6412	2.1354e-012
6413	2.0347e-012
6414	2.0385e-012
6415	2.2412e-012
6416	2.3425e-012
6417	2.2446e-012
6418	3.2464e-013
6419	2.2193e-013
6420	1.0138e-013
6421	2.4672e-013
6422	5.319e-013
6423	4.3329e-013
6424	4.6728e-013
6425	7.3159e-013
6426	6.3923e-013
6427	6.6101e-013
6428	9.2889e-013
6429	8.3773e-013
6430	8.5242e-013
6431	1.127e-012
6432	1.0354e-012
6433	1.0447e-012
6434	1.3267e-012
6435	1.2337e-012
6436	1.2397e-012
6437	1.5281e-012
6438	1.4335e-012
6439	1.4375e-012
6440	1.7311e-012
6441	1.635e-012
6442	1.6379e-012
6443	1.9356e-012
6444	1.8381e-012
6445	1.8404e-012
6446	2.1412e-012
6447	2.0427e-012
6448	2.0447e-012
6449	2.2485e-012
6450	2.348e-012
6451	2.2504e-012
6452	3.3275e-013
6453	2.2911e-013
6454	1.0389e-013
6455	2.5129e-013
6456	5.4545e-013
6457	4.4855e-013
6458	4.7742e-013
6459	7.4828e-013
6460	6.5941e-013
6461	6.7573e-013
6462	9.4627e-013
6463	8.5932e-013
6464	8.6923e-013
6465	1.1435e-012
6466	1.056e-012
6467	1.0615e-012
6468	1.3414e-012
6469	1.2522e-012
6470	1.2553e-012
6471	1.541e-012
6472	1.4496e-012
6473	1.4514e-012
6474	1.7424e-012
6475	1.6489e-012
6476	1.65e-012
6477	1.9456e-012
6478	1.8502e-012
6479	1.8511e-012
6480	2.1503e-012
6481	2.0535e-012
6482	2.0543e-012
6483	2.2585e-012
6484	2.3565e-012
6485	2.2593e-012
6486	3.495e-013
6487	2.4605e-013
6488	1.0951e-013
6489	2.6066e-013
6490	5.6956e-013
6491	4.7822e-013
6492	4.9641e-013
6493	7.7476e-013
6494	6.9186e-013
6495	7.0049e-013
6496	9.7143e-013
6497	8.9e-013
6498	8.9451e-013
6499	1.1659e-012
6500	1.0829e-012
6501	1.0851e-012
6502	1.3608e-012
6503	1.2751e-012
6504	1.276e-012
6505	1.5576e-012
6506	1.4689e-012
6507	1.4693e-012
6508	1.7567e-012
6509	1.6653e-012
6510	1.6655e-012
6511	1.9581e-012
6512	1.8644e-012
6513	1.8645e-012
6514	2.1617e-012
6515	2.0661e-012
6516	2.0663e-012
6517	2.2701e-012
6518	2.367e-012
6519	2.2703e-012
6520	3.8637e-013
6521	1.2141e-013
6522	2.9064e-013
6523	2.9064e-013
6524	6.1044e-013
6525	5.3311e-013
6526	5.3311e-013
6527	8.1232e-013
6528	7.3841e-013
6529	7.3841e-013
6530	1.0036e-012
6531	9.2833e-013
6532	9.2833e-013
6533	1.1927e-012
6534	1.1139e-012
6535	1.1139e-012
6536	1.383e-012
6537	1.3002e-012
6538	1.3002e-012
6539	1.5762e-012
6540	1.4895e-012
6541	1.4895e-012
6542	1.7725e-012
6543	1.6825e-012
6544	1.6825e-012
6545	1.972e-012
6546	1.8794e-012
6547	1.8794e-012
6548	2.1742e-012
6549	2.0796e-012
6550	2.0796e-012
6551	2.3787e-012
6552	2.2825e-012
6553	2.2825e-012
6554	0.
6555	0.
6556	0.
6557	0.
6558	0.
6559	0.
6560	0.
6561	0.
6562	0.
6563	0.
6564	0.
6565	0.
6566	0.
6567	0.
6568	0.
6569	0.
6570	0.
6571	0.
6572	0.
6573	0.
6574	0.
6575	0.
6576	0.
6577	0.
6578	0.
6579	0.
6580	0.
6581	0.
6582	0.
6583	0.
6584	0.
6585	0.
6586	0.
6587	0.
6588	0.
6589	0.
6590	0.
6591	0.
6592	0.
6593	0.
6594	0.
6595	0.
6596	0.
6597	0.
6598	0.
6599	0.
6600	0.
6601	0.
6602	0.
6603	0.
6604	0.
6605	0.
6606	0.
6607	0.
6608	0.
6609	0.
6610	0.
6611	0.
6612	0.
6613	0.
6614	0.
6615	0.
6616	0.
6617	0.
6618	0.
6619	0.
6620	0.
6621	0.
6622	0.
6623	0.
6624	0.
6625	0.
6626	0.
6627	0.
6628	0.
6629	0.
6630	0.
6631	0.
6632	0.
6633	0.
6634	0.
6635	0.
6636	0.
6637	0.
6638	0.
6639	0.
6640	0.
6641	0.
6642	0.
6643	0.
6644	0.
6645	0.
6646	0.
6647	0.
6648	0.
6649	0.
6650	0.
6651	0.
6652	0.
6653	0.
6654	0.
6655	0.
6656	0.
6657	0.
6658	0.
6659	0.
6660	0.
6661	0.
6662	0.
6663	0.
6664	0.
6665	0.
6666	0.
6667	0.
6668	0.
6669	0.
6670	0.
6671	0.
6672	0.
6673	0.
6674	0.
6675	0.
6676	0.
6677	0.
6678	0.
6679	0.
6680	0.
6681	0.
6682	0.
6683	0.
6684	0.
6685	0.
6686	0.
6687	0.
6688	0.
6689	0.
6690	0.
6691	0.
6692	0.
6693	0.
6694	0.
6695	0.
6696	0.
6697	0.
6698	0.
6699	0.
6700	0.
6701	0.
6702	0.
6703	0.
6704	0.
6705	0.
6706	0.
6707	0.
6708	0.
6709	0.
6710	0.
6711	0.
6712	0.
6713	0.
6714	0.
6715	0.
6716	0.
6717	0.
6718	0.
6719	0.
6720	0.
6721	0.
6722	0.
6723	0.
6724	0.
6725	0.
6726	0.
6727	0.
6728	0.
6729	0.
6730	0.
6731	0.
6732	0.
6733	0.
6734	0.
6735	0.
6736	0.
6737	0.
6738	0.
6739	0.
6740	0.
6741	0.
6742	0.
6743	0.
6744	0.
6745	0.
6746	0.
6747	0.
6748	0.
6749	0.
6750	0.
6751	0.
6752	0.
6753	0.
6754	0.
6755	0.
6756	0.
6757	0.
6758	0.
6759	0.
6760	0.
6761	0.
6762	0.
6763	0.
6764	0.
6765	0.
6766	0.
6767	0.
6768	0.
6769	0.
6770	0.
6771	0.
6772	0.
6773	0.
6774	0.
6775	0.
6776	0.
6777	0.
6778	0.
6779	0.
6780	0.
6781	0.
6782	0.
6783	0.
6784	0.
6785	0.
6786	0.
6787	0.
6788	0.
6789	0.
6790	0.
6791	0.
6792	0.
6793	0.
6794	0.
6795	0.
6796	0.
6797	0.
6798	0.
6799	0.
6800	0.
6801	0.
6802	0.
6803	0.
6804	0.
6805	0.
6806	0.
6807	0.
6808	0.
6809	0.
6810	0.
6811	0.
6812	0.
6813	0.
6814	0.
6815	0.
6816	0.
6817	0.
6818	2.4757e-012
6819	2.4757e-012
6820	2.4873e-012
6821	2.4873e-012
6822	2.4648e-012
6823	2.4645e-012
6824	2.4759e-012
6825	2.4555e-012
6826	2.4545e-012
6827	2.4656e-012
6828	2.4487e-012
6829	2.4464e-012
6830	2.4572e-012
6831	2.445e-012
6832	2.4411e-012
6833	2.4517e-012
6834	2.445e-012
6835	2.4393e-012
6836	2.4498e-012
6837	2.4487e-012
6838	2.4411e-012
6839	2.4517e-012
6840	2.4555e-012
6841	2.4464e-012
6842	2.4572e-012
6843	2.4648e-012
6844	2.4545e-012
6845	2.4656e-012
6846	2.4757e-012
6847	2.4645e-012
6848	2.4759e-012
6849	2.4757e-012
6850	2.4873e-012
6851	2.4873e-012
6852	2.4645e-012
6853	2.4648e-012
6854	2.4759e-012
6855	2.4539e-012
6856	2.4539e-012
6857	2.4449e-012
6858	2.4441e-012
6859	2.4382e-012
6860	2.4362e-012
6861	2.4346e-012
6862	2.431e-012
6863	2.4346e-012
6864	2.4292e-012
6865	2.4382e-012
6866	2.431e-012
6867	2.4449e-012
6868	2.4362e-012
6869	2.4539e-012
6870	2.4441e-012
6871	2.4645e-012
6872	2.4539e-012
6873	2.4648e-012
6874	2.4759e-012
6875	2.4545e-012
6876	2.4555e-012
6877	2.4656e-012
6878	2.4441e-012
6879	2.4449e-012
6880	2.4352e-012
6881	2.4352e-012
6882	2.4286e-012
6883	2.4273e-012
6884	2.4251e-012
6885	2.4222e-012
6886	2.4251e-012
6887	2.4204e-012
6888	2.4286e-012
6889	2.4222e-012
6890	2.4352e-012
6891	2.4273e-012
6892	2.4441e-012
6893	2.4352e-012
6894	2.4545e-012
6895	2.4449e-012
6896	2.4555e-012
6897	2.4656e-012
6898	2.4464e-012
6899	2.4487e-012
6900	2.4572e-012
6901	2.4362e-012
6902	2.4382e-012
6903	2.4273e-012
6904	2.4286e-012
6905	2.4208e-012
6906	2.4208e-012
6907	2.4173e-012
6908	2.4157e-012
6909	2.4173e-012
6910	2.4139e-012
6911	2.4208e-012
6912	2.4157e-012
6913	2.4273e-012
6914	2.4208e-012
6915	2.4362e-012
6916	2.4286e-012
6917	2.4464e-012
6918	2.4382e-012
6919	2.4487e-012
6920	2.4572e-012
6921	2.4411e-012
6922	2.445e-012
6923	2.4517e-012
6924	2.431e-012
6925	2.4346e-012
6926	2.4222e-012
6927	2.4251e-012
6928	2.4157e-012
6929	2.4173e-012
6930	2.4122e-012
6931	2.4122e-012
6932	2.4122e-012
6933	2.4104e-012
6934	2.4157e-012
6935	2.4122e-012
6936	2.4222e-012
6937	2.4173e-012
6938	2.431e-012
6939	2.4251e-012
6940	2.4411e-012
6941	2.4346e-012
6942	2.445e-012
6943	2.4517e-012
6944	2.4393e-012
6945	2.445e-012
6946	2.4498e-012
6947	2.4292e-012
6948	2.4346e-012
6949	2.4204e-012
6950	2.4251e-012
6951	2.4139e-012
6952	2.4173e-012
6953	2.4104e-012
6954	2.4122e-012
6955	2.4104e-012
6956	2.4104e-012
6957	2.4139e-012
6958	2.4122e-012
6959	2.4204e-012
6960	2.4173e-012
6961	2.4292e-012
6962	2.4251e-012
6963	2.4393e-012
6964	2.4346e-012
6965	2.445e-012
6966	2.4498e-012
6967	2.4411e-012
6968	2.4487e-012
6969	2.4517e-012
6970	2.431e-012
6971	2.4382e-012
6972	2.4222e-012
6973	2.4286e-012
6974	2.4157e-012
6975	2.4208e-012
6976	2.4122e-012
6977	2.4157e-012
6978	2.4122e-012
6979	2.4139e-012
6980	2.4157e-012
6981	2.4157e-012
6982	2.4222e-012
6983	2.4208e-012
6984	2.431e-012
6985	2.4286e-012
6986	2.4411e-012
6987	2.4382e-012
6988	2.4487e-012
6989	2.4517e-012
6990	2.4464e-012
6991	2.4555e-012
6992	2.4572e-012
6993	2.4362e-012
6994	2.4449e-012
6995	2.4273e-012
6996	2.4352e-012
6997	2.4208e-012
6998	2.4273e-012
6999	2.4173e-012
7000	2.4222e-012
7001	2.4173e-012
7002	2.4204e-012
7003	2.4208e-012
7004	2.4222e-012
7005	2.4273e-012
7006	2.4273e-012
7007	2.4362e-012
7008	2.4352e-012
7009	2.4464e-012
7010	2.4449e-012
7011	2.4555e-012
7012	2.4572e-012
7013	2.4545e-012
7014	2.4648e-012
7015	2.4656e-012
7016	2.4441e-012
7017	2.4539e-012
7018	2.4352e-012
7019	2.4441e-012
7020	2.4286e-012
7021	2.4362e-012
7022	2.4251e-012
7023	2.431e-012
7024	2.4251e-012
7025	2.4292e-012
7026	2.4286e-012
7027	2.431e-012
7028	2.4352e-012
7029	2.4362e-012
7030	2.4441e-012
7031	2.4441e-012
7032	2.4545e-012
7033	2.4539e-012
7034	2.4648e-012
7035	2.4656e-012
7036	2.4645e-012
7037	2.4757e-012
7038	2.4759e-012
7039	2.4539e-012
7040	2.4645e-012
7041	2.4449e-012
7042	2.4545e-012
7043	2.4382e-012
7044	2.4464e-012
7045	2.4346e-012
7046	2.4411e-012
7047	2.4346e-012
7048	2.4393e-012
7049	2.4382e-012
7050	2.4411e-012
7051	2.4449e-012
7052	2.4464e-012
7053	2.4539e-012
7054	2.4545e-012
7055	2.4645e-012
7056	2.4645e-012
7057	2.4757e-012
7058	2.4759e-012
7059	2.4757e-012
7060	2.4873e-012
7061	2.4873e-012
7062	2.4648e-012
7063	2.4759e-012
7064	2.4555e-012
7065	2.4656e-012
7066	2.4487e-012
7067	2.4572e-012
7068	2.445e-012
7069	2.4517e-012
7070	2.445e-012
7071	2.4498e-012
7072	2.4487e-012
7073	2.4517e-012
7074	2.4555e-012
7075	2.4572e-012
7076	2.4648e-012
7077	2.4656e-012
7078	2.4757e-012
7079	2.4759e-012
7080	2.4873e-012
7081	2.4873e-012
7082	2.4877e-012
7083	2.4996e-012
7084	2.3911e-012
7085	2.4765e-012
7086	2.3792e-012
7087	2.4668e-012
7088	2.3683e-012
7089	2.4596e-012
7090	2.3595e-012
7091	2.4557e-012
7092	2.3537e-012
7093	2.4557e-012
7094	2.3517e-012
7095	2.4596e-012
7096	2.3537e-012
7097	2.4668e-012
7098	2.3595e-012
7099	2.4765e-012
7100	2.3683e-012
7101	2.4877e-012
7102	2.3792e-012
7103	2.4996e-012
7104	2.3911e-012
7105	2.4996e-012
7106	2.4037e-012
7107	2.4877e-012
7108	2.3911e-012
7109	2.4765e-012
7110	2.3792e-012
7111	2.4668e-012
7112	2.3683e-012
7113	2.4596e-012
7114	2.3595e-012
7115	2.4557e-012
7116	2.3537e-012
7117	2.4557e-012
7118	2.3517e-012
7119	2.4596e-012
7120	2.3537e-012
7121	2.4668e-012
7122	2.3595e-012
7123	2.4765e-012
7124	2.3683e-012
7125	2.4877e-012
7126	2.3792e-012
7127	2.4996e-012
7128	2.3911e-012
7129	2.4996e-012
7130	2.4037e-012
7131	2.4877e-012
7132	2.3911e-012
7133	2.4765e-012
7134	2.3792e-012
7135	2.4668e-012
7136	2.3683e-012
7137	2.4596e-012
7138	2.3595e-012
7139	2.4557e-012
7140	2.3537e-012
7141	2.4557e-012
7142	2.3517e-012
7143	2.4596e-012
7144	2.3537e-012
7145	2.4668e-012
7146	2.3595e-012
7147	2.4765e-012
7148	2.3683e-012
7149	2.4877e-012
7150	2.3792e-012
7151	2.4996e-012
7152	2.3911e-012
7153	2.4996e-012
7154	2.4037e-012
7155	2.4877e-012
7156	2.3911e-012
7157	2.4765e-012
7158	2.3792e-012
7159	2.4668e-012
7160	2.3683e-012
7161	2.4596e-012
7162	2.3595e-012
7163	2.4557e-012
7164	2.3537e-012
7165	2.4557e-012
7166	2.3517e-012
7167	2.4596e-012
7168	2.3537e-012
7169	2.4668e-012
7170	2.3595e-012
7171	2.4765e-012
7172	2.3683e-012
7173	2.4877e-012
7174	2.3792e-012
7175	2.4996e-012
7176	2.3911e-012
7177	2.4037e-012
7178	2.1873e-012
7179	2.2827e-012
7180	2.2953e-012
7181	1.9861e-012
7182	2.0795e-012
7183	2.0931e-012
7184	1.7883e-012
7185	1.8791e-012
7186	1.8942e-012
7187	1.5946e-012
7188	1.6822e-012
7189	1.6995e-012
7190	1.4054e-012
7191	1.4892e-012
7192	1.5096e-012
7193	1.2207e-012
7194	1.3003e-012
7195	1.3249e-012
7196	1.0392e-012
7197	1.1149e-012
7198	1.1448e-012
7199	8.5811e-013
7200	9.3131e-013
7201	9.6758e-013
7202	6.692e-013
7203	7.454e-013
7204	7.8824e-013
7205	4.6478e-013
7206	5.4848e-013
7207	5.964e-013
7208	3.2765e-013
7209	1.8945e-013
7210	3.6283e-013
7211	2.1745e-012
7212	2.2708e-012
7213	1.972e-012
7214	2.0666e-012
7215	1.7723e-012
7216	1.8647e-012
7217	1.576e-012
7218	1.6656e-012
7219	1.3834e-012
7220	1.4698e-012
7221	1.1944e-012
7222	1.2775e-012
7223	1.0082e-012
7224	1.0886e-012
7225	8.2289e-013
7226	9.0202e-013
7227	6.3241e-013
7228	7.1552e-013
7229	4.3444e-013
7230	5.2287e-013
7231	3.1461e-013
7232	1.8175e-013
7233	2.1629e-012
7234	2.2606e-012
7235	1.9592e-012
7236	2.0555e-012
7237	1.7578e-012
7238	1.8523e-012
7239	1.5593e-012
7240	1.6515e-012
7241	1.364e-012
7242	1.4536e-012
7243	1.1722e-012
7244	1.259e-012
7245	9.8379e-013
7246	1.0683e-012
7247	7.9801e-013
7248	8.8133e-013
7249	6.111e-013
7250	6.971e-013
7251	4.2133e-013
7252	5.1027e-013
7253	3.0994e-013
7254	1.7797e-013
7255	2.1535e-012
7256	2.2529e-012
7257	1.9489e-012
7258	2.0473e-012
7259	1.7462e-012
7260	1.8432e-012
7261	1.5461e-012
7262	1.6412e-012
7263	1.349e-012
7264	1.442e-012
7265	1.1558e-012
7266	1.2463e-012
7267	9.6685e-013
7268	1.0549e-012
7269	7.8238e-013
7270	8.6853e-013
7271	5.9933e-013
7272	6.8672e-013
7273	4.1547e-013
7274	5.0391e-013
7275	3.0775e-013
7276	1.7673e-013
7277	2.1474e-012
7278	2.2489e-012
7279	1.9422e-012
7280	2.043e-012
7281	1.7388e-012
7282	1.8384e-012
7283	1.5377e-012
7284	1.6359e-012
7285	1.3397e-012
7286	1.436e-012
7287	1.1459e-012
7288	1.2398e-012
7289	9.5707e-013
7290	1.0483e-012
7291	7.7392e-013
7292	8.6248e-013
7293	5.9344e-013
7294	6.8206e-013
7295	4.1274e-013
7296	5.0124e-013
7297	3.0691e-013
7298	1.7621e-013
7299	2.1453e-012
7300	2.2489e-012
7301	1.9399e-012
7302	2.043e-012
7303	1.7362e-012
7304	1.8384e-012
7305	1.5348e-012
7306	1.6359e-012
7307	1.3366e-012
7308	1.436e-012
7309	1.1426e-012
7310	1.2398e-012
7311	9.5388e-013
7312	1.0483e-012
7313	7.7125e-013
7314	8.6248e-013
7315	5.9165e-013
7316	6.8206e-013
7317	4.1196e-013
7318	5.0124e-013
7319	3.0691e-013
7320	1.7607e-013
7321	2.1474e-012
7322	2.2529e-012
7323	1.9422e-012
7324	2.0473e-012
7325	1.7388e-012
7326	1.8432e-012
7327	1.5377e-012
7328	1.6412e-012
7329	1.3397e-012
7330	1.442e-012
7331	1.1459e-012
7332	1.2463e-012
7333	9.5707e-013
7334	1.0549e-012
7335	7.7392e-013
7336	8.6853e-013
7337	5.9344e-013
7338	6.8672e-013
7339	4.1274e-013
7340	5.0391e-013
7341	3.0775e-013
7342	1.7621e-013
7343	2.1535e-012
7344	2.2606e-012
7345	1.9489e-012
7346	2.0555e-012
7347	1.7462e-012
7348	1.8523e-012
7349	1.5461e-012
7350	1.6515e-012
7351	1.349e-012
7352	1.4536e-012
7353	1.1558e-012
7354	1.259e-012
7355	9.6685e-013
7356	1.0683e-012
7357	7.8238e-013
7358	8.8133e-013
7359	5.9933e-013
7360	6.971e-013
7361	4.1547e-013
7362	5.1027e-013
7363	3.0994e-013
7364	1.7673e-013
7365	2.1629e-012
7366	2.2708e-012
7367	1.9592e-012
7368	2.0666e-012
7369	1.7578e-012
7370	1.8647e-012
7371	1.5593e-012
7372	1.6656e-012
7373	1.364e-012
7374	1.4698e-012
7375	1.1722e-012
7376	1.2775e-012
7377	9.8379e-013
7378	1.0886e-012
7379	7.9801e-013
7380	9.0202e-013
7381	6.111e-013
7382	7.1552e-013
7383	4.2133e-013
7384	5.2287e-013
7385	3.1461e-013
7386	1.7797e-013
7387	2.1745e-012
7388	2.2827e-012
7389	1.972e-012
7390	2.0795e-012
7391	1.7723e-012
7392	1.8791e-012
7393	1.576e-012
7394	1.6822e-012
7395	1.3834e-012
7396	1.4892e-012
7397	1.1944e-012
7398	1.3003e-012
7399	1.0082e-012
7400	1.1149e-012
7401	8.2289e-013
7402	9.3131e-013
7403	6.3241e-013
7404	7.454e-013
7405	4.3444e-013
7406	5.4848e-013
7407	3.2765e-013
7408	1.8175e-013
7409	2.1873e-012
7410	2.2953e-012
7411	1.9861e-012
7412	2.0931e-012
7413	1.7883e-012
7414	1.8942e-012
7415	1.5946e-012
7416	1.6995e-012
7417	1.4054e-012
7418	1.5096e-012
7419	1.2207e-012
7420	1.3249e-012
7421	1.0392e-012
7422	1.1448e-012
7423	8.5811e-013
7424	9.6758e-013
7425	6.692e-013
7426	7.8824e-013
7427	4.6478e-013
7428	5.964e-013
7429	1.8945e-013
7430	3.6283e-013
7431	0.
7432	0.
7433	0.
7434	0.
7435	0.
7436	0.
7437	0.
7438	0.
7439	0.
7440	0.
7441	0.
7442	0.
7443	2.5065e-013
7444	0.
7445	5.3227e-013
7446	3.6283e-013
7447	7.2324e-013
7448	5.964e-013
7449	9.0076e-013
7450	7.8824e-013
7451	1.0731e-012
7452	9.6758e-013
7453	1.2478e-012
7454	1.1448e-012
7455	1.4274e-012
7456	1.3249e-012
7457	1.6129e-012
7458	1.5096e-012
7459	1.804e-012
7460	1.6995e-012
7461	2.0002e-012
7462	1.8942e-012
7463	2.2005e-012
7464	2.0931e-012
7465	2.2953e-012
7466	2.5065e-013
7467	0.
7468	5.3227e-013
7469	3.6283e-013
7470	7.2324e-013
7471	5.964e-013
7472	9.0076e-013
7473	7.8824e-013
7474	1.0731e-012
7475	9.6758e-013
7476	1.2478e-012
7477	1.1448e-012
7478	1.4274e-012
7479	1.3249e-012
7480	1.6129e-012
7481	1.5096e-012
7482	1.804e-012
7483	1.6995e-012
7484	2.0002e-012
7485	1.8942e-012
7486	2.2005e-012
7487	2.0931e-012
7488	2.2953e-012
7489	3.2765e-013
7490	4.6478e-013
7491	1.8945e-013
7492	3.6283e-013
7493	3.1461e-013
7494	4.3444e-013
7495	1.8175e-013
7496	3.0994e-013
7497	4.2133e-013
7498	1.7797e-013
7499	3.0775e-013
7500	4.1547e-013
7501	1.7673e-013
7502	3.0691e-013
7503	4.1274e-013
7504	1.7621e-013
7505	3.0691e-013
7506	4.1196e-013
7507	1.7607e-013
7508	3.0775e-013
7509	4.1274e-013
7510	1.7621e-013
7511	3.0994e-013
7512	4.1547e-013
7513	1.7673e-013
7514	3.1461e-013
7515	4.2133e-013
7516	1.7797e-013
7517	3.2765e-013
7518	4.3444e-013
7519	1.8175e-013
7520	4.6478e-013
7521	1.8945e-013
7522	5.4848e-013
7523	6.692e-013
7524	5.964e-013
7525	5.2287e-013
7526	6.3241e-013
7527	5.1027e-013
7528	6.111e-013
7529	5.0391e-013
7530	5.9933e-013
7531	5.0124e-013
7532	5.9344e-013
7533	5.0124e-013
7534	5.9165e-013
7535	5.0391e-013
7536	5.9344e-013
7537	5.1027e-013
7538	5.9933e-013
7539	5.2287e-013
7540	6.111e-013
7541	5.4848e-013
7542	6.3241e-013
7543	6.692e-013
7544	7.454e-013
7545	8.5811e-013
7546	7.8824e-013
7547	7.1552e-013
7548	8.2289e-013
7549	6.971e-013
7550	7.9801e-013
7551	6.8672e-013
7552	7.8238e-013
7553	6.8206e-013
7554	7.7392e-013
7555	6.8206e-013
7556	7.7125e-013
7557	6.8672e-013
7558	7.7392e-013
7559	6.971e-013
7560	7.8238e-013
7561	7.1552e-013
7562	7.9801e-013
7563	7.454e-013
7564	8.2289e-013
7565	8.5811e-013
7566	9.3131e-013
7567	1.0392e-012
7568	9.6758e-013
7569	9.0202e-013
7570	1.0082e-012
7571	8.8133e-013
7572	9.8379e-013
7573	8.6853e-013
7574	9.6685e-013
7575	8.6248e-013
7576	9.5707e-013
7577	8.6248e-013
7578	9.5388e-013
7579	8.6853e-013
7580	9.5707e-013
7581	8.8133e-013
7582	9.6685e-013
7583	9.0202e-013
7584	9.8379e-013
7585	9.3131e-013
7586	1.0082e-012
7587	1.0392e-012
7588	1.1149e-012
7589	1.2207e-012
7590	1.1448e-012
7591	1.0886e-012
7592	1.1944e-012
7593	1.0683e-012
7594	1.1722e-012
7595	1.0549e-012
7596	1.1558e-012
7597	1.0483e-012
7598	1.1459e-012
7599	1.0483e-012
7600	1.1426e-012
7601	1.0549e-012
7602	1.1459e-012
7603	1.0683e-012
7604	1.1558e-012
7605	1.0886e-012
7606	1.1722e-012
7607	1.1149e-012
7608	1.1944e-012
7609	1.2207e-012
7610	1.3003e-012
7611	1.4054e-012
7612	1.3249e-012
7613	1.2775e-012
7614	1.3834e-012
7615	1.259e-012
7616	1.364e-012
7617	1.2463e-012
7618	1.349e-012
7619	1.2398e-012
7620	1.3397e-012
7621	1.2398e-012
7622	1.3366e-012
7623	1.2463e-012
7624	1.3397e-012
7625	1.259e-012
7626	1.349e-012
7627	1.2775e-012
7628	1.364e-012
7629	1.3003e-012
7630	1.3834e-012
7631	1.4054e-012
7632	1.4892e-012
7633	1.5946e-012
7634	1.5096e-012
7635	1.4698e-012
7636	1.576e-012
7637	1.4536e-012
7638	1.5593e-012
7639	1.442e-012
7640	1.5461e-012
7641	1.436e-012
7642	1.5377e-012
7643	1.436e-012
7644	1.5348e-012
7645	1.442e-012
7646	1.5377e-012
7647	1.4536e-012
7648	1.5461e-012
7649	1.4698e-012
7650	1.5593e-012
7651	1.4892e-012
7652	1.576e-012
7653	1.5946e-012
7654	1.6822e-012
7655	1.7883e-012
7656	1.6995e-012
7657	1.6656e-012
7658	1.7723e-012
7659	1.6515e-012
7660	1.7578e-012
7661	1.6412e-012
7662	1.7462e-012
7663	1.6359e-012
7664	1.7388e-012
7665	1.6359e-012
7666	1.7362e-012
7667	1.6412e-012
7668	1.7388e-012
7669	1.6515e-012
7670	1.7462e-012
7671	1.6656e-012
7672	1.7578e-012
7673	1.6822e-012
7674	1.7723e-012
7675	1.7883e-012
7676	1.8791e-012
7677	1.9861e-012
7678	1.8942e-012
7679	1.8647e-012
7680	1.972e-012
7681	1.8523e-012
7682	1.9592e-012
7683	1.8432e-012
7684	1.9489e-012
7685	1.8384e-012
7686	1.9422e-012
7687	1.8384e-012
7688	1.9399e-012
7689	1.8432e-012
7690	1.9422e-012
7691	1.8523e-012
7692	1.9489e-012
7693	1.8647e-012
7694	1.9592e-012
7695	1.8791e-012
7696	1.972e-012
7697	1.9861e-012
7698	2.0795e-012
7699	2.1873e-012
7700	2.0931e-012
7701	2.0666e-012
7702	2.1745e-012
7703	2.0555e-012
7704	2.1629e-012
7705	2.0473e-012
7706	2.1535e-012
7707	2.043e-012
7708	2.1474e-012
7709	2.043e-012
7710	2.1453e-012
7711	2.0473e-012
7712	2.1474e-012
7713	2.0555e-012
7714	2.1535e-012
7715	2.0666e-012
7716	2.1629e-012
7717	2.0795e-012
7718	2.1745e-012
7719	2.1873e-012
7720	2.2827e-012
7721	2.2953e-012
7722	2.2708e-012
7723	2.2606e-012
7724	2.2529e-012
7725	2.2489e-012
7726	2.2489e-012
7727	2.2529e-012
7728	2.2606e-012
7729	2.2708e-012
7730	2.2827e-012
7731	0.
7732	0.
7733	0.
7734	0.
7735	0.
7736	0.
7737	0.
7738	0.
7739	0.
7740	0.
7741	0.
7742	2.5065e-013
7743	0.
7744	5.3227e-013
7745	3.6283e-013
7746	7.2324e-013
7747	5.964e-013
7748	9.0076e-013
7749	7.8824e-013
7750	1.0731e-012
7751	9.6758e-013
7752	1.2478e-012
7753	1.1448e-012
7754	1.4274e-012
7755	1.3249e-012
7756	1.6129e-012
7757	1.5096e-012
7758	1.804e-012
7759	1.6995e-012
7760	2.0002e-012
7761	1.8942e-012
7762	2.2005e-012
7763	2.0931e-012
7764	2.2953e-012
7765	3.2765e-013
7766	4.6478e-013
7767	1.8945e-013
7768	3.6283e-013
7769	3.1461e-013
7770	4.3444e-013
7771	1.8175e-013
7772	3.0994e-013
7773	4.2133e-013
7774	1.7797e-013
7775	3.0775e-013
7776	4.1547e-013
7777	1.7673e-013
7778	3.0691e-013
7779	4.1274e-013
7780	1.7621e-013
7781	3.0691e-013
7782	4.1196e-013
7783	1.7607e-013
7784	3.0775e-013
7785	4.1274e-013
7786	1.7621e-013
7787	3.0994e-013
7788	4.1547e-013
7789	1.7673e-013
7790	3.1461e-013
7791	4.2133e-013
7792	1.7797e-013
7793	3.2765e-013
7794	4.3444e-013
7795	1.8175e-013
7796	4.6478e-013
7797	1.8945e-013
7798	5.4848e-013
7799	6.692e-013
7800	5.964e-013
7801	5.2287e-013
7802	6.3241e-013
7803	5.1027e-013
7804	6.111e-013
7805	5.0391e-013
7806	5.9933e-013
7807	5.0124e-013
7808	5.9344e-013
7809	5.0124e-013
7810	5.9165e-013
7811	5.0391e-013
7812	5.9344e-013
7813	5.1027e-013
7814	5.9933e-013
7815	5.2287e-013
7816	6.111e-013
7817	5.4848e-013
7818	6.3241e-013
7819	6.692e-013
7820	7.454e-013
7821	8.5811e-013
7822	7.8824e-013
7823	7.1552e-013
7824	8.2289e-013
7825	6.971e-013
7826	7.9801e-013
7827	6.8672e-013
7828	7.8238e-013
7829	6.8206e-013
7830	7.7392e-013
7831	6.8206e-013
7832	7.7125e-013
7833	6.8672e-013
7834	7.7392e-013
7835	6.971e-013
7836	7.8238e-013
7837	7.1552e-013
7838	7.9801e-013
7839	7.454e-013
7840	8.2289e-013
7841	8.5811e-013
7842	9.3131e-013
7843	1.0392e-012
7844	9.6758e-013
7845	9.0202e-013
7846	1.0082e-012
7847	8.8133e-013
7848	9.8379e-013
7849	8.6853e-013
7850	9.6685e-013
7851	8.6248e-013
7852	9.5707e-013
7853	8.6248e-013
7854	9.5388e-013
7855	8.6853e-013
7856	9.5707e-013
7857	8.8133e-013
7858	9.6685e-013
7859	9.0202e-013
7860	9.8379e-013
7861	9.3131e-013
7862	1.0082e-012
7863	1.0392e-012
7864	1.1149e-012
7865	1.2207e-012
7866	1.1448e-012
7867	1.0886e-012
7868	1.1944e-012
7869	1.0683e-012
7870	1.1722e-012
7871	1.0549e-012
7872	1.1558e-012
7873	1.0483e-012
7874	1.1459e-012
7875	1.0483e-012
7876	1.1426e-012
7877	1.0549e-012
7878	1.1459e-012
7879	1.0683e-012
7880	1.1558e-012
7881	1.0886e-012
7882	1.1722e-012
7883	1.1149e-012
7884	1.1944e-012
7885	1.2207e-012
7886	1.3003e-012
7887	1.4054e-012
7888	1.3249e-012
7889	1.2775e-012
7890	1.3834e-012
7891	1.259e-012
7892	1.364e-012
7893	1.2463e-012
7894	1.349e-012
7895	1.2398e-012
7896	1.3397e-012
7897	1.2398e-012
7898	1.3366e-012
7899	1.2463e-012
7900	1.3397e-012
7901	1.259e-012
7902	1.349e-012
7903	1.2775e-012
7904	1.364e-012
7905	1.3003e-012
7906	1.3834e-012
7907	1.4054e-012
7908	1.4892e-012
7909	1.5946e-012
7910	1.5096e-012
7911	1.4698e-012
7912	1.576e-012
7913	1.4536e-012
7914	1.5593e-012
7915	1.442e-012
7916	1.5461e-012
7917	1.436e-012
7918	1.5377e-012
7919	1.436e-012
7920	1.5348e-012
7921	1.442e-012
7922	1.5377e-012
7923	1.4536e-012
7924	1.5461e-012
7925	1.4698e-012
7926	1.5593e-012
7927	1.4892e-012
7928	1.576e-012
7929	1.5946e-012
7930	1.6822e-012
7931	1.7883e-012
7932	1.6995e-012
7933	1.6656e-012
7934	1.7723e-012
7935	1.6515e-012
7936	1.7578e-012
7937	1.6412e-012
7938	1.7462e-012
7939	1.6359e-012
7940	1.7388e-012
7941	1.6359e-012
7942	1.7362e-012
7943	1.6412e-012
7944	1.7388e-012
7945	1.6515e-012
7946	1.7462e-012
7947	1.6656e-012
7948	1.7578e-012
7949	1.6822e-012
7950	1.7723e-012
7951	1.7883e-012
7952	1.8791e-012
7953	1.9861e-012
7954	1.8942e-012
7955	1.8647e-012
7956	1.972e-012
7957	1.8523e-012
7958	1.9592e-012
7959	1.8432e-012
7960	1.9489e-012
7961	1.8384e-012
7962	1.9422e-012
7963	1.8384e-012
7964	1.9399e-012
7965	1.8432e-012
7966	1.9422e-012
7967	1.8523e-012
7968	1.9489e-012
7969	1.8647e-012
7970	1.9592e-012
7971	1.8791e-012
7972	1.972e-012
7973	1.9861e-012
7974	2.0795e-012
7975	2.1873e-012
7976	2.0931e-012
7977	2.0666e-012
7978	2.1745e-012
7979	2.0555e-012
7980	2.1629e-012
7981	2.0473e-012
7982	2.1535e-012
7983	2.043e-012
7984	2.1474e-012
7985	2.043e-012
7986	2.1453e-012
7987	2.0473e-012
7988	2.1474e-012
7989	2.0555e-012
7990	2.1535e-012
7991	2.0666e-012
7992	2.1629e-012
7993	2.0795e-012
7994	2.1745e-012
7995	2.1873e-012
7996	2.2827e-012
7997	2.2953e-012
7998	2.2708e-012
7999	2.2606e-012
8000	2.2529e-012
8001	2.2489e-012
8002	2.2489e-012
8003	2.2529e-012
8004	2.2606e-012
8005	2.2708e-012
8006	2.2827e-012
8007	0.
8008	0.
8009	0.
8010	0.
8011	0.
8012	0.
8013	0.
8014	0.
8015	0.
8016	0.
8017	0.
8018	2.5065e-013
8019	0.
8020	5.3227e-013
8021	3.6283e-013
8022	7.2324e-013
8023	5.964e-013
8024	9.0076e-013
8025	7.8824e-013
8026	1.0731e-012
8027	9.6758e-013
8028	1.2478e-012
8029	1.1448e-012
8030	1.4274e-012
8031	1.3249e-012
8032	1.6129e-012
8033	1.5096e-012
8034	1.804e-012
8035	1.6995e-012
8036	2.0002e-012
8037	1.8942e-012
8038	2.2005e-012
8039	2.0931e-012
8040	2.2953e-012
8041	2.2827e-012
8042	2.1873e-012
8043	2.2708e-012
8044	2.1745e-012
8045	2.2606e-012
8046	2.1629e-012
8047	2.2529e-012
8048	2.1535e-012
8049	2.2489e-012
8050	2.1474e-012
8051	2.2489e-012
8052	2.1453e-012
8053	2.2529e-012
8054	2.1474e-012
8055	2.2606e-012
8056	2.1535e-012
8057	2.2708e-012
8058	2.1629e-012
8059	2.2827e-012
8060	2.1745e-012
8061	2.1873e-012
8062	2.0795e-012
8063	1.9861e-012
8064	2.0666e-012
8065	1.972e-012
8066	2.0555e-012
8067	1.9592e-012
8068	2.0473e-012
8069	1.9489e-012
8070	2.043e-012
8071	1.9422e-012
8072	2.043e-012
8073	1.9399e-012
8074	2.0473e-012
8075	1.9422e-012
8076	2.0555e-012
8077	1.9489e-012
8078	2.0666e-012
8079	1.9592e-012
8080	2.0795e-012
8081	1.972e-012
8082	1.9861e-012
8083	1.8791e-012
8084	1.7883e-012
8085	1.8647e-012
8086	1.7723e-012
8087	1.8523e-012
8088	1.7578e-012
8089	1.8432e-012
8090	1.7462e-012
8091	1.8384e-012
8092	1.7388e-012
8093	1.8384e-012
8094	1.7362e-012
8095	1.8432e-012
8096	1.7388e-012
8097	1.8523e-012
8098	1.7462e-012
8099	1.8647e-012
8100	1.7578e-012
8101	1.8791e-012
8102	1.7723e-012
8103	1.7883e-012
8104	1.6822e-012
8105	1.5946e-012
8106	1.6656e-012
8107	1.576e-012
8108	1.6515e-012
8109	1.5593e-012
8110	1.6412e-012
8111	1.5461e-012
8112	1.6359e-012
8113	1.5377e-012
8114	1.6359e-012
8115	1.5348e-012
8116	1.6412e-012
8117	1.5377e-012
8118	1.6515e-012
8119	1.5461e-012
8120	1.6656e-012
8121	1.5593e-012
8122	1.6822e-012
8123	1.576e-012
8124	1.5946e-012
8125	1.4892e-012
8126	1.4054e-012
8127	1.4698e-012
8128	1.3834e-012
8129	1.4536e-012
8130	1.364e-012
8131	1.442e-012
8132	1.349e-012
8133	1.436e-012
8134	1.3397e-012
8135	1.436e-012
8136	1.3366e-012
8137	1.442e-012
8138	1.3397e-012
8139	1.4536e-012
8140	1.349e-012
8141	1.4698e-012
8142	1.364e-012
8143	1.4892e-012
8144	1.3834e-012
8145	1.4054e-012
8146	1.3003e-012
8147	1.2207e-012
8148	1.2775e-012
8149	1.1944e-012
8150	1.259e-012
8151	1.1722e-012
8152	1.2463e-012
8153	1.1558e-012
8154	1.2398e-012
8155	1.1459e-012
8156	1.2398e-012
8157	1.1426e-012
8158	1.2463e-012
8159	1.1459e-012
8160	1.259e-012
8161	1.1558e-012
8162	1.2775e-012
8163	1.1722e-012
8164	1.3003e-012
8165	1.1944e-012
8166	1.2207e-012
8167	1.1149e-012
8168	1.0392e-012
8169	1.0886e-012
8170	1.0082e-012
8171	1.0683e-012
8172	9.8379e-013
8173	1.0549e-012
8174	9.6685e-013
8175	1.0483e-012
8176	9.5707e-013
8177	1.0483e-012
8178	9.5388e-013
8179	1.0549e-012
8180	9.5707e-013
8181	1.0683e-012
8182	9.6685e-013
8183	1.0886e-012
8184	9.8379e-013
8185	1.1149e-012
8186	1.0082e-012
8187	1.0392e-012
8188	9.3131e-013
8189	8.5811e-013
8190	9.0202e-013
8191	8.2289e-013
8192	8.8133e-013
8193	7.9801e-013
8194	8.6853e-013
8195	7.8238e-013
8196	8.6248e-013
8197	7.7392e-013
8198	8.6248e-013
8199	7.7125e-013
8200	8.6853e-013
8201	7.7392e-013
8202	8.8133e-013
8203	7.8238e-013
8204	9.0202e-013
8205	7.9801e-013
8206	9.3131e-013
8207	8.2289e-013
8208	8.5811e-013
8209	7.454e-013
8210	6.692e-013
8211	7.1552e-013
8212	6.3241e-013
8213	6.971e-013
8214	6.111e-013
8215	6.8672e-013
8216	5.9933e-013
8217	6.8206e-013
8218	5.9344e-013
8219	6.8206e-013
8220	5.9165e-013
8221	6.8672e-013
8222	5.9344e-013
8223	6.971e-013
8224	5.9933e-013
8225	7.1552e-013
8226	6.111e-013
8227	7.454e-013
8228	6.3241e-013
8229	6.692e-013
8230	5.4848e-013
8231	4.6478e-013
8232	5.2287e-013
8233	4.3444e-013
8234	5.1027e-013
8235	4.2133e-013
8236	5.0391e-013
8237	4.1547e-013
8238	5.0124e-013
8239	4.1274e-013
8240	5.0124e-013
8241	4.1196e-013
8242	5.0391e-013
8243	4.1274e-013
8244	5.1027e-013
8245	4.1547e-013
8246	5.2287e-013
8247	4.2133e-013
8248	5.4848e-013
8249	4.3444e-013
8250	4.6478e-013
8251	3.2765e-013
8252	1.8945e-013
8253	3.1461e-013
8254	1.8175e-013
8255	3.0994e-013
8256	1.7797e-013
8257	3.0775e-013
8258	1.7673e-013
8259	3.0691e-013
8260	1.7621e-013
8261	3.0691e-013
8262	1.7607e-013
8263	3.0775e-013
8264	1.7621e-013
8265	3.0994e-013
8266	1.7673e-013
8267	3.1461e-013
8268	1.7797e-013
8269	3.2765e-013
8270	1.8175e-013
8271	1.8945e-013
8272	0.
8273	0.
8274	0.
8275	0.
8276	0.
8277	0.
8278	0.
8279	0.
8280	0.
8281	0.
