Node Number	Maximum Principal Stress (Pa)
1	-0.60788
2	1.0405e-002
3	1.8502e-002
4	3.9688e-002
5	3.1523e-002
6	2.3921e-002
7	1.6708e-002
8	1.1017e-002
9	7.0488e-003
10	6.3482e-003
11	8.6909e-003
12	-0.57795
13	-6.4532e-002
14	-3.3884e-002
15	1.9281e-002
16	2.9759e-002
17	3.1076e-002
18	2.7232e-002
19	2.2367e-002
20	1.882e-002
21	1.8361e-002
22	2.0469e-002
23	-0.57827
24	-8.2867e-002
25	-5.3582e-002
26	-4.2262e-003
27	1.341e-002
28	2.6156e-002
29	3.1527e-002
30	3.1853e-002
31	3.0687e-002
32	3.1531e-002
33	3.6061e-002
34	-0.57654
35	-8.1252e-002
36	-5.8636e-002
37	-1.4034e-002
38	3.6166e-004
39	1.4845e-002
40	3.0371e-002
41	3.7647e-002
42	3.9715e-002
43	4.2534e-002
44	5.1118e-002
45	-0.57587
46	-8.1224e-002
47	-6.0634e-002
48	-1.7072e-002
49	-4.9638e-003
50	4.4261e-003
51	2.7056e-002
52	4.0321e-002
53	4.5108e-002
54	4.9752e-002
55	6.1833e-002
56	-0.57594
57	-8.1092e-002
58	-6.0885e-002
59	-1.7726e-002
60	-6.2466e-003
61	1.9922e-004
62	2.5311e-002
63	4.1035e-002
64	4.6878e-002
65	5.2256e-002
66	6.5693e-002
67	-0.57587
68	-8.1224e-002
69	-6.0634e-002
70	-1.7072e-002
71	-4.9638e-003
72	4.4261e-003
73	2.7056e-002
74	4.0321e-002
75	4.5108e-002
76	4.9752e-002
77	6.1833e-002
78	-0.57654
79	-8.1252e-002
80	-5.8636e-002
81	-1.4034e-002
82	3.6164e-004
83	1.4845e-002
84	3.0371e-002
85	3.7647e-002
86	3.9715e-002
87	4.2534e-002
88	5.1118e-002
89	-0.57827
90	-8.2867e-002
91	-5.3582e-002
92	-4.2262e-003
93	1.341e-002
94	2.6156e-002
95	3.1527e-002
96	3.1853e-002
97	3.0687e-002
98	3.1531e-002
99	3.6061e-002
100	-0.57795
101	-6.4532e-002
102	-3.3884e-002
103	1.9281e-002
104	2.9759e-002
105	3.1076e-002
106	2.7232e-002
107	2.2367e-002
108	1.882e-002
109	1.8361e-002
110	2.0469e-002
111	-0.60788
112	1.0405e-002
113	1.8502e-002
114	3.9688e-002
115	3.1523e-002
116	2.3921e-002
117	1.6708e-002
118	1.1017e-002
119	7.0489e-003
120	6.3482e-003
121	8.691e-003
122	-0.57795
123	-6.4532e-002
124	-3.3884e-002
125	1.9281e-002
126	2.9759e-002
127	3.1076e-002
128	2.7233e-002
129	2.2367e-002
130	1.882e-002
131	1.8361e-002
132	2.0469e-002
133	-0.91805
134	-0.40298
135	-0.14721
136	-2.5879e-002
137	1.5881e-002
138	2.9246e-002
139	2.997e-002
140	2.6181e-002
141	2.2049e-002
142	1.9583e-002
143	2.4793e-002
144	-0.9766
145	-0.45127
146	-0.20532
147	-7.203e-002
148	-1.1315e-002
149	1.7007e-002
150	2.7383e-002
151	2.9688e-002
152	2.9849e-002
153	3.2298e-002
154	3.8833e-002
155	-0.97928
156	-0.45311
157	-0.21865
158	-9.2359e-002
159	-3.1134e-002
160	1.63e-003
161	1.9798e-002
162	3.0125e-002
163	3.6385e-002
164	4.3075e-002
165	5.4348e-002
166	-0.97899
167	-0.45384
168	-0.22309
169	-9.912e-002
170	-3.9736e-002
171	-8.704e-003
172	1.0507e-002
173	2.859e-002
174	4.0124e-002
175	5.0051e-002
176	6.5436e-002
177	-0.97904
178	-0.45386
179	-0.22393
180	-0.10068
181	-4.1939e-002
182	-1.1898e-002
183	2.9337e-003
184	2.7578e-002
185	4.1305e-002
186	5.2457e-002
187	6.9426e-002
188	-0.97899
189	-0.45384
190	-0.22309
191	-9.912e-002
192	-3.9736e-002
193	-8.704e-003
194	1.0507e-002
195	2.859e-002
196	4.0123e-002
197	5.0051e-002
198	6.5436e-002
199	-0.97928
200	-0.45311
201	-0.21865
202	-9.2359e-002
203	-3.1135e-002
204	1.6299e-003
205	1.9798e-002
206	3.0125e-002
207	3.6385e-002
208	4.3075e-002
209	5.4348e-002
210	-0.9766
211	-0.45127
212	-0.20532
213	-7.203e-002
214	-1.1315e-002
215	1.7007e-002
216	2.7383e-002
217	2.9688e-002
218	2.9849e-002
219	3.2298e-002
220	3.8833e-002
221	-0.91805
222	-0.40298
223	-0.14721
224	-2.5879e-002
225	1.5881e-002
226	2.9245e-002
227	2.997e-002
228	2.6182e-002
229	2.2049e-002
230	1.9583e-002
231	2.4793e-002
232	-0.57795
233	-6.4532e-002
234	-3.3884e-002
235	1.9281e-002
236	2.9759e-002
237	3.1076e-002
238	2.7232e-002
239	2.2367e-002
240	1.882e-002
241	1.8361e-002
242	2.0469e-002
243	-0.57827
244	-8.2867e-002
245	-5.3582e-002
246	-4.2262e-003
247	1.341e-002
248	2.6156e-002
249	3.1527e-002
250	3.1853e-002
251	3.0687e-002
252	3.1531e-002
253	3.6061e-002
254	-0.9766
255	-0.45127
256	-0.20532
257	-7.203e-002
258	-1.1315e-002
259	1.7007e-002
260	2.7383e-002
261	2.9688e-002
262	2.9849e-002
263	3.2298e-002
264	3.8833e-002
265	-1.1723
266	-0.71405
267	-0.35408
268	-0.15325
269	-5.1834e-002
270	-1.1727e-003
271	2.0649e-002
272	2.8763e-002
273	3.1489e-002
274	3.4059e-002
275	4.3423e-002
276	-1.2047
277	-0.72575
278	-0.39374
279	-0.1943
280	-8.2692e-002
281	-2.091e-002
282	1.0592e-002
283	2.6123e-002
284	3.4783e-002
285	4.3648e-002
286	5.7771e-002
287	-1.2073
288	-0.72821
289	-0.40192
290	-0.20593
291	-9.5641e-002
292	-3.3263e-002
293	8.0291e-004
294	2.1934e-002
295	3.6984e-002
296	5.0426e-002
297	6.9116e-002
298	-1.2077
299	-0.72864
300	-0.40357
301	-0.20852
302	-9.8805e-002
303	-3.6889e-002
304	-3.9924e-003
305	1.8957e-002
306	3.766e-002
307	5.2756e-002
308	7.3195e-002
309	-1.2073
310	-0.72821
311	-0.40192
312	-0.20593
313	-9.5641e-002
314	-3.3263e-002
315	8.0297e-004
316	2.1934e-002
317	3.6984e-002
318	5.0426e-002
319	6.9116e-002
320	-1.2047
321	-0.72575
322	-0.39374
323	-0.1943
324	-8.2692e-002
325	-2.091e-002
326	1.0592e-002
327	2.6123e-002
328	3.4783e-002
329	4.3648e-002
330	5.7771e-002
331	-1.1723
332	-0.71405
333	-0.35408
334	-0.15325
335	-5.1834e-002
336	-1.1727e-003
337	2.0649e-002
338	2.8763e-002
339	3.1489e-002
340	3.4059e-002
341	4.3423e-002
342	-0.9766
343	-0.45127
344	-0.20532
345	-7.203e-002
346	-1.1315e-002
347	1.7007e-002
348	2.7383e-002
349	2.9688e-002
350	2.9849e-002
351	3.2298e-002
352	3.8833e-002
353	-0.57827
354	-8.2867e-002
355	-5.3582e-002
356	-4.2262e-003
357	1.341e-002
358	2.6156e-002
359	3.1527e-002
360	3.1853e-002
361	3.0687e-002
362	3.1531e-002
363	3.6061e-002
364	-0.57654
365	-8.1252e-002
366	-5.8636e-002
367	-1.4034e-002
368	3.6167e-004
369	1.4845e-002
370	3.0371e-002
371	3.7647e-002
372	3.9715e-002
373	4.2534e-002
374	5.1118e-002
375	-0.97928
376	-0.45311
377	-0.21865
378	-9.2359e-002
379	-3.1134e-002
380	1.63e-003
381	1.9798e-002
382	3.0125e-002
383	3.6385e-002
384	4.3075e-002
385	5.4348e-002
386	-1.2047
387	-0.72575
388	-0.39374
389	-0.1943
390	-8.2692e-002
391	-2.091e-002
392	1.0592e-002
393	2.6123e-002
394	3.4783e-002
395	4.3648e-002
396	5.7771e-002
397	-1.3097
398	-0.87639
399	-0.51611
400	-0.27641
401	-0.12962
402	-4.5572e-002
403	-6.6495e-004
404	2.2293e-002
405	3.4864e-002
406	4.532e-002
407	6.1859e-002
408	-1.3262
409	-0.88275
410	-0.53753
411	-0.30076
412	-0.15075
413	-6.1272e-002
414	-1.0545e-002
415	1.7832e-002
416	3.5475e-002
417	5.1189e-002
418	7.275e-002
419	-1.3273
420	-0.8838
421	-0.5401
422	-0.30446
423	-0.15495
424	-6.5556e-002
425	-1.4845e-002
426	1.3987e-002
427	3.5695e-002
428	5.3467e-002
429	7.6918e-002
430	-1.3262
431	-0.88275
432	-0.53753
433	-0.30076
434	-0.15075
435	-6.1272e-002
436	-1.0545e-002
437	1.7832e-002
438	3.5475e-002
439	5.1189e-002
440	7.275e-002
441	-1.3097
442	-0.87639
443	-0.51611
444	-0.27641
445	-0.12962
446	-4.5572e-002
447	-6.6498e-004
448	2.2293e-002
449	3.4864e-002
450	4.532e-002
451	6.1859e-002
452	-1.2047
453	-0.72575
454	-0.39374
455	-0.1943
456	-8.2692e-002
457	-2.091e-002
458	1.0592e-002
459	2.6123e-002
460	3.4783e-002
461	4.3648e-002
462	5.7771e-002
463	-0.97928
464	-0.45311
465	-0.21865
466	-9.2359e-002
467	-3.1135e-002
468	1.6299e-003
469	1.9798e-002
470	3.0125e-002
471	3.6385e-002
472	4.3075e-002
473	5.4348e-002
474	-0.57654
475	-8.1252e-002
476	-5.8636e-002
477	-1.4034e-002
478	3.6167e-004
479	1.4845e-002
480	3.0371e-002
481	3.7647e-002
482	3.9715e-002
483	4.2534e-002
484	5.1118e-002
485	-0.57587
486	-8.1224e-002
487	-6.0634e-002
488	-1.7072e-002
489	-4.9638e-003
490	4.4261e-003
491	2.7056e-002
492	4.0321e-002
493	4.5108e-002
494	4.9752e-002
495	6.1833e-002
496	-0.97899
497	-0.45384
498	-0.22309
499	-9.912e-002
500	-3.9736e-002
501	-8.7039e-003
502	1.0507e-002
503	2.859e-002
504	4.0124e-002
505	5.0051e-002
506	6.5436e-002
507	-1.2073
508	-0.72821
509	-0.40192
510	-0.20593
511	-9.5641e-002
512	-3.3263e-002
513	8.0298e-004
514	2.1934e-002
515	3.6984e-002
516	5.0426e-002
517	6.9116e-002
518	-1.3262
519	-0.88275
520	-0.53753
521	-0.30076
522	-0.15075
523	-6.1272e-002
524	-1.0545e-002
525	1.7832e-002
526	3.5475e-002
527	5.1189e-002
528	7.275e-002
529	-1.3849
530	-0.96498
531	-0.61464
532	-0.35852
533	-0.18752
534	-8.1708e-002
535	-2.0212e-002
536	1.427e-002
537	3.4972e-002
538	5.2224e-002
539	7.5605e-002
540	-1.3897
541	-0.96699
542	-0.62072
543	-0.36599
544	-0.19451
545	-8.7327e-002
546	-2.426e-002
547	1.1697e-002
548	3.4851e-002
549	5.4209e-002
550	7.9685e-002
551	-1.3849
552	-0.96498
553	-0.61464
554	-0.35852
555	-0.18752
556	-8.1708e-002
557	-2.0212e-002
558	1.427e-002
559	3.4972e-002
560	5.2224e-002
561	7.5605e-002
562	-1.3262
563	-0.88275
564	-0.53753
565	-0.30076
566	-0.15075
567	-6.1272e-002
568	-1.0545e-002
569	1.7832e-002
570	3.5475e-002
571	5.1189e-002
572	7.275e-002
573	-1.2073
574	-0.72821
575	-0.40192
576	-0.20593
577	-9.5641e-002
578	-3.3263e-002
579	8.0291e-004
580	2.1934e-002
581	3.6984e-002
582	5.0426e-002
583	6.9116e-002
584	-0.97899
585	-0.45384
586	-0.22309
587	-9.912e-002
588	-3.9736e-002
589	-8.704e-003
590	1.0507e-002
591	2.8589e-002
592	4.0124e-002
593	5.0051e-002
594	6.5436e-002
595	-0.57587
596	-8.1224e-002
597	-6.0634e-002
598	-1.7072e-002
599	-4.9638e-003
600	4.426e-003
601	2.7056e-002
602	4.0321e-002
603	4.5108e-002
604	4.9752e-002
605	6.1833e-002
606	-0.57594
607	-8.1092e-002
608	-6.0885e-002
609	-1.7726e-002
610	-6.2465e-003
611	1.9933e-004
612	2.5311e-002
613	4.1035e-002
614	4.6878e-002
615	5.2256e-002
616	6.5693e-002
617	-0.97904
618	-0.45386
619	-0.22393
620	-0.10068
621	-4.1939e-002
622	-1.1898e-002
623	2.9337e-003
624	2.7578e-002
625	4.1305e-002
626	5.2457e-002
627	6.9426e-002
628	-1.2077
629	-0.72864
630	-0.40357
631	-0.20852
632	-9.8805e-002
633	-3.6889e-002
634	-3.9924e-003
635	1.8957e-002
636	3.766e-002
637	5.2756e-002
638	7.3195e-002
639	-1.3273
640	-0.8838
641	-0.5401
642	-0.30446
643	-0.15495
644	-6.5556e-002
645	-1.4845e-002
646	1.3987e-002
647	3.5695e-002
648	5.3467e-002
649	7.6918e-002
650	-1.3897
651	-0.96699
652	-0.62072
653	-0.36599
654	-0.19451
655	-8.7327e-002
656	-2.426e-002
657	1.1697e-002
658	3.4851e-002
659	5.4209e-002
660	7.9685e-002
661	-1.4091
662	-0.99302
663	-0.64679
664	-0.38688
665	-0.20858
666	-9.5351e-002
667	-2.7923e-002
668	1.0831e-002
669	3.4634e-002
670	5.4519e-002
671	8.0705e-002
672	-1.3897
673	-0.96699
674	-0.62072
675	-0.36599
676	-0.19451
677	-8.7327e-002
678	-2.426e-002
679	1.1697e-002
680	3.4851e-002
681	5.4209e-002
682	7.9685e-002
683	-1.3273
684	-0.8838
685	-0.5401
686	-0.30446
687	-0.15495
688	-6.5556e-002
689	-1.4845e-002
690	1.3987e-002
691	3.5695e-002
692	5.3467e-002
693	7.6918e-002
694	-1.2077
695	-0.72864
696	-0.40357
697	-0.20852
698	-9.8805e-002
699	-3.6889e-002
700	-3.9924e-003
701	1.8957e-002
702	3.766e-002
703	5.2756e-002
704	7.3195e-002
705	-0.97904
706	-0.45386
707	-0.22393
708	-0.10068
709	-4.1939e-002
710	-1.1898e-002
711	2.9336e-003
712	2.7578e-002
713	4.1305e-002
714	5.2457e-002
715	6.9426e-002
716	-0.57594
717	-8.1092e-002
718	-6.0885e-002
719	-1.7726e-002
720	-6.2466e-003
721	1.9925e-004
722	2.531e-002
723	4.1035e-002
724	4.6878e-002
725	5.2256e-002
726	6.5693e-002
727	-0.57587
728	-8.1224e-002
729	-6.0634e-002
730	-1.7072e-002
731	-4.9638e-003
732	4.4261e-003
733	2.7056e-002
734	4.0322e-002
735	4.5108e-002
736	4.9752e-002
737	6.1833e-002
738	-0.97899
739	-0.45384
740	-0.22309
741	-9.912e-002
742	-3.9736e-002
743	-8.704e-003
744	1.0507e-002
745	2.859e-002
746	4.0123e-002
747	5.0051e-002
748	6.5436e-002
749	-1.2073
750	-0.72821
751	-0.40192
752	-0.20593
753	-9.5641e-002
754	-3.3263e-002
755	8.0293e-004
756	2.1934e-002
757	3.6984e-002
758	5.0426e-002
759	6.9116e-002
760	-1.3262
761	-0.88275
762	-0.53753
763	-0.30076
764	-0.15075
765	-6.1272e-002
766	-1.0545e-002
767	1.7832e-002
768	3.5475e-002
769	5.1189e-002
770	7.275e-002
771	-1.3849
772	-0.96498
773	-0.61464
774	-0.35852
775	-0.18752
776	-8.1708e-002
777	-2.0212e-002
778	1.427e-002
779	3.4972e-002
780	5.2224e-002
781	7.5605e-002
782	-1.3897
783	-0.96699
784	-0.62072
785	-0.36599
786	-0.19451
787	-8.7327e-002
788	-2.426e-002
789	1.1697e-002
790	3.4851e-002
791	5.4209e-002
792	7.9685e-002
793	-1.3849
794	-0.96498
795	-0.61464
796	-0.35852
797	-0.18752
798	-8.1708e-002
799	-2.0212e-002
800	1.427e-002
801	3.4972e-002
802	5.2224e-002
803	7.5605e-002
804	-1.3262
805	-0.88275
806	-0.53753
807	-0.30076
808	-0.15075
809	-6.1272e-002
810	-1.0545e-002
811	1.7832e-002
812	3.5475e-002
813	5.1189e-002
814	7.275e-002
815	-1.2073
816	-0.72821
817	-0.40192
818	-0.20593
819	-9.5641e-002
820	-3.3263e-002
821	8.0294e-004
822	2.1934e-002
823	3.6984e-002
824	5.0426e-002
825	6.9116e-002
826	-0.97899
827	-0.45384
828	-0.22309
829	-9.912e-002
830	-3.9736e-002
831	-8.7039e-003
832	1.0507e-002
833	2.8589e-002
834	4.0123e-002
835	5.0051e-002
836	6.5436e-002
837	-0.57587
838	-8.1224e-002
839	-6.0634e-002
840	-1.7072e-002
841	-4.9638e-003
842	4.4261e-003
843	2.7056e-002
844	4.0321e-002
845	4.5108e-002
846	4.9753e-002
847	6.1833e-002
848	-0.57654
849	-8.1252e-002
850	-5.8636e-002
851	-1.4034e-002
852	3.6169e-004
853	1.4845e-002
854	3.0371e-002
855	3.7647e-002
856	3.9715e-002
857	4.2534e-002
858	5.1118e-002
859	-0.97928
860	-0.45311
861	-0.21865
862	-9.2359e-002
863	-3.1134e-002
864	1.63e-003
865	1.9798e-002
866	3.0125e-002
867	3.6385e-002
868	4.3075e-002
869	5.4348e-002
870	-1.2047
871	-0.72575
872	-0.39374
873	-0.1943
874	-8.2692e-002
875	-2.091e-002
876	1.0592e-002
877	2.6123e-002
878	3.4783e-002
879	4.3648e-002
880	5.7771e-002
881	-1.3097
882	-0.87639
883	-0.51611
884	-0.27641
885	-0.12962
886	-4.5572e-002
887	-6.6499e-004
888	2.2293e-002
889	3.4864e-002
890	4.532e-002
891	6.1859e-002
892	-1.3262
893	-0.88275
894	-0.53753
895	-0.30076
896	-0.15075
897	-6.1272e-002
898	-1.0545e-002
899	1.7832e-002
900	3.5475e-002
901	5.1189e-002
902	7.275e-002
903	-1.3273
904	-0.8838
905	-0.5401
906	-0.30446
907	-0.15495
908	-6.5556e-002
909	-1.4845e-002
910	1.3987e-002
911	3.5695e-002
912	5.3467e-002
913	7.6918e-002
914	-1.3262
915	-0.88275
916	-0.53753
917	-0.30076
918	-0.15075
919	-6.1272e-002
920	-1.0545e-002
921	1.7832e-002
922	3.5475e-002
923	5.1189e-002
924	7.275e-002
925	-1.3097
926	-0.87639
927	-0.51611
928	-0.27641
929	-0.12962
930	-4.5572e-002
931	-6.6499e-004
932	2.2293e-002
933	3.4864e-002
934	4.532e-002
935	6.1859e-002
936	-1.2047
937	-0.72575
938	-0.39374
939	-0.1943
940	-8.2692e-002
941	-2.091e-002
942	1.0592e-002
943	2.6123e-002
944	3.4783e-002
945	4.3648e-002
946	5.7771e-002
947	-0.97928
948	-0.45311
949	-0.21865
950	-9.2359e-002
951	-3.1135e-002
952	1.63e-003
953	1.9798e-002
954	3.0125e-002
955	3.6385e-002
956	4.3075e-002
957	5.4348e-002
958	-0.57654
959	-8.1252e-002
960	-5.8636e-002
961	-1.4034e-002
962	3.6167e-004
963	1.4845e-002
964	3.0371e-002
965	3.7647e-002
966	3.9715e-002
967	4.2534e-002
968	5.1118e-002
969	-0.57827
970	-8.2867e-002
971	-5.3582e-002
972	-4.2262e-003
973	1.3411e-002
974	2.6156e-002
975	3.1527e-002
976	3.1853e-002
977	3.0687e-002
978	3.1531e-002
979	3.6061e-002
980	-0.9766
981	-0.45127
982	-0.20532
983	-7.203e-002
984	-1.1315e-002
985	1.7007e-002
986	2.7383e-002
987	2.9688e-002
988	2.9849e-002
989	3.2298e-002
990	3.8833e-002
991	-1.1723
992	-0.71405
993	-0.35408
994	-0.15325
995	-5.1834e-002
996	-1.1727e-003
997	2.0649e-002
998	2.8763e-002
999	3.1489e-002
1000	3.4059e-002
1001	4.3423e-002
1002	-1.2047
1003	-0.72575
1004	-0.39374
1005	-0.1943
1006	-8.2692e-002
1007	-2.091e-002
1008	1.0592e-002
1009	2.6123e-002
1010	3.4783e-002
1011	4.3648e-002
1012	5.7771e-002
1013	-1.2073
1014	-0.72821
1015	-0.40192
1016	-0.20593
1017	-9.5641e-002
1018	-3.3263e-002
1019	8.0292e-004
1020	2.1934e-002
1021	3.6984e-002
1022	5.0426e-002
1023	6.9116e-002
1024	-1.2077
1025	-0.72864
1026	-0.40357
1027	-0.20852
1028	-9.8805e-002
1029	-3.6889e-002
1030	-3.9924e-003
1031	1.8957e-002
1032	3.766e-002
1033	5.2756e-002
1034	7.3195e-002
1035	-1.2073
1036	-0.72821
1037	-0.40192
1038	-0.20593
1039	-9.5641e-002
1040	-3.3263e-002
1041	8.029e-004
1042	2.1934e-002
1043	3.6984e-002
1044	5.0426e-002
1045	6.9116e-002
1046	-1.2047
1047	-0.72575
1048	-0.39374
1049	-0.1943
1050	-8.2692e-002
1051	-2.091e-002
1052	1.0592e-002
1053	2.6123e-002
1054	3.4783e-002
1055	4.3648e-002
1056	5.7771e-002
1057	-1.1723
1058	-0.71405
1059	-0.35408
1060	-0.15325
1061	-5.1834e-002
1062	-1.1727e-003
1063	2.0649e-002
1064	2.8763e-002
1065	3.1489e-002
1066	3.4059e-002
1067	4.3423e-002
1068	-0.9766
1069	-0.45127
1070	-0.20532
1071	-7.203e-002
1072	-1.1315e-002
1073	1.7007e-002
1074	2.7383e-002
1075	2.9688e-002
1076	2.9849e-002
1077	3.2298e-002
1078	3.8833e-002
1079	-0.57827
1080	-8.2867e-002
1081	-5.3582e-002
1082	-4.2262e-003
1083	1.341e-002
1084	2.6156e-002
1085	3.1527e-002
1086	3.1853e-002
1087	3.0687e-002
1088	3.1531e-002
1089	3.6061e-002
1090	-0.57795
1091	-6.4532e-002
1092	-3.3884e-002
1093	1.9281e-002
1094	2.9759e-002
1095	3.1076e-002
1096	2.7232e-002
1097	2.2367e-002
1098	1.882e-002
1099	1.8361e-002
1100	2.0469e-002
1101	-0.91805
1102	-0.40298
1103	-0.14721
1104	-2.5879e-002
1105	1.5881e-002
1106	2.9245e-002
1107	2.997e-002
1108	2.6181e-002
1109	2.2049e-002
1110	1.9583e-002
1111	2.4793e-002
1112	-0.9766
1113	-0.45127
1114	-0.20532
1115	-7.203e-002
1116	-1.1315e-002
1117	1.7007e-002
1118	2.7383e-002
1119	2.9688e-002
1120	2.9849e-002
1121	3.2298e-002
1122	3.8833e-002
1123	-0.97928
1124	-0.45311
1125	-0.21865
1126	-9.2359e-002
1127	-3.1135e-002
1128	1.63e-003
1129	1.9798e-002
1130	3.0125e-002
1131	3.6385e-002
1132	4.3075e-002
1133	5.4348e-002
1134	-0.97899
1135	-0.45384
1136	-0.22309
1137	-9.912e-002
1138	-3.9736e-002
1139	-8.704e-003
1140	1.0507e-002
1141	2.859e-002
1142	4.0123e-002
1143	5.0051e-002
1144	6.5436e-002
1145	-0.97904
1146	-0.45386
1147	-0.22393
1148	-0.10068
1149	-4.1939e-002
1150	-1.1898e-002
1151	2.9336e-003
1152	2.7578e-002
1153	4.1305e-002
1154	5.2457e-002
1155	6.9426e-002
1156	-0.97899
1157	-0.45384
1158	-0.22309
1159	-9.912e-002
1160	-3.9736e-002
1161	-8.704e-003
1162	1.0507e-002
1163	2.859e-002
1164	4.0123e-002
1165	5.0051e-002
1166	6.5436e-002
1167	-0.97928
1168	-0.45311
1169	-0.21865
1170	-9.2359e-002
1171	-3.1134e-002
1172	1.63e-003
1173	1.9798e-002
1174	3.0125e-002
1175	3.6385e-002
1176	4.3075e-002
1177	5.4348e-002
1178	-0.9766
1179	-0.45127
1180	-0.20532
1181	-7.203e-002
1182	-1.1315e-002
1183	1.7007e-002
1184	2.7383e-002
1185	2.9688e-002
1186	2.9849e-002
1187	3.2298e-002
1188	3.8833e-002
1189	-0.91805
1190	-0.40298
1191	-0.14721
1192	-2.5879e-002
1193	1.5881e-002
1194	2.9246e-002
1195	2.997e-002
1196	2.6181e-002
1197	2.2049e-002
1198	1.9583e-002
1199	2.4793e-002
1200	-0.57795
1201	-6.4532e-002
1202	-3.3884e-002
1203	1.9281e-002
1204	2.9759e-002
1205	3.1076e-002
1206	2.7233e-002
1207	2.2367e-002
1208	1.882e-002
1209	1.8361e-002
1210	2.0469e-002
1211	-0.60788
1212	1.0405e-002
1213	1.8502e-002
1214	3.9688e-002
1215	3.1523e-002
1216	2.3921e-002
1217	1.6708e-002
1218	1.1017e-002
1219	7.0488e-003
1220	6.3482e-003
1221	8.691e-003
1222	-0.57795
1223	-6.4532e-002
1224	-3.3884e-002
1225	1.9281e-002
1226	2.9759e-002
1227	3.1076e-002
1228	2.7232e-002
1229	2.2367e-002
1230	1.882e-002
1231	1.8361e-002
1232	2.0469e-002
1233	-0.57827
1234	-8.2867e-002
1235	-5.3582e-002
1236	-4.2262e-003
1237	1.341e-002
1238	2.6156e-002
1239	3.1527e-002
1240	3.1853e-002
1241	3.0687e-002
1242	3.1531e-002
1243	3.6061e-002
1244	-0.57654
1245	-8.1252e-002
1246	-5.8636e-002
1247	-1.4034e-002
1248	3.6162e-004
1249	1.4845e-002
1250	3.0371e-002
1251	3.7647e-002
1252	3.9715e-002
1253	4.2534e-002
1254	5.1118e-002
1255	-0.57587
1256	-8.1224e-002
1257	-6.0634e-002
1258	-1.7072e-002
1259	-4.9639e-003
1260	4.4261e-003
1261	2.7056e-002
1262	4.0321e-002
1263	4.5108e-002
1264	4.9752e-002
1265	6.1833e-002
1266	-0.57594
1267	-8.1092e-002
1268	-6.0885e-002
1269	-1.7726e-002
1270	-6.2466e-003
1271	1.9928e-004
1272	2.531e-002
1273	4.1035e-002
1274	4.6878e-002
1275	5.2256e-002
1276	6.5693e-002
1277	-0.57587
1278	-8.1224e-002
1279	-6.0634e-002
1280	-1.7072e-002
1281	-4.9638e-003
1282	4.4261e-003
1283	2.7056e-002
1284	4.0321e-002
1285	4.5108e-002
1286	4.9752e-002
1287	6.1833e-002
1288	-0.57654
1289	-8.1252e-002
1290	-5.8636e-002
1291	-1.4034e-002
1292	3.6168e-004
1293	1.4845e-002
1294	3.0371e-002
1295	3.7647e-002
1296	3.9715e-002
1297	4.2534e-002
1298	5.1118e-002
1299	-0.57827
1300	-8.2867e-002
1301	-5.3582e-002
1302	-4.2262e-003
1303	1.341e-002
1304	2.6156e-002
1305	3.1527e-002
1306	3.1853e-002
1307	3.0687e-002
1308	3.1531e-002
1309	3.6061e-002
1310	-0.57795
1311	-6.4532e-002
1312	-3.3884e-002
1313	1.9281e-002
1314	2.9759e-002
1315	3.1076e-002
1316	2.7232e-002
1317	2.2367e-002
1318	1.882e-002
1319	1.8361e-002
1320	2.0469e-002
1321	-0.60788
1322	1.0404e-002
1323	1.8502e-002
1324	3.9688e-002
1325	3.1523e-002
1326	2.3921e-002
1327	1.6708e-002
1328	1.1017e-002
1329	7.0488e-003
1330	6.3482e-003
1331	8.691e-003
1332	-0.92353
1333	-1.2383
1334	-1.2232
1335	-1.2416
1336	-1.2479
1337	-1.2502
1338	-1.2479
1339	-1.2416
1340	-1.2232
1341	-1.2383
1342	-0.92353
1343	-1.2383
1344	-1.6471
1345	-1.6587
1346	-1.6978
1347	-1.7153
1348	-1.7214
1349	-1.7153
1350	-1.6978
1351	-1.6587
1352	-1.6471
1353	-1.2383
1354	-1.2232
1355	-1.6587
1356	-1.6826
1357	-1.7292
1358	-1.7498
1359	-1.7566
1360	-1.7498
1361	-1.7292
1362	-1.6826
1363	-1.6587
1364	-1.2232
1365	-1.2416
1366	-1.6978
1367	-1.7292
1368	-1.7848
1369	-1.8104
1370	-1.8189
1371	-1.8104
1372	-1.7848
1373	-1.7292
1374	-1.6978
1375	-1.2416
1376	-1.2479
1377	-1.7153
1378	-1.7498
1379	-1.8104
1380	-1.8387
1381	-1.848
1382	-1.8387
1383	-1.8104
1384	-1.7498
1385	-1.7153
1386	-1.2479
1387	-1.2502
1388	-1.7214
1389	-1.7566
1390	-1.8189
1391	-1.848
1392	-1.8579
1393	-1.848
1394	-1.8189
1395	-1.7566
1396	-1.7214
1397	-1.2502
1398	-1.2479
1399	-1.7153
1400	-1.7498
1401	-1.8104
1402	-1.8387
1403	-1.848
1404	-1.8387
1405	-1.8104
1406	-1.7498
1407	-1.7153
1408	-1.2479
1409	-1.2416
1410	-1.6978
1411	-1.7292
1412	-1.7848
1413	-1.8104
1414	-1.8189
1415	-1.8104
1416	-1.7848
1417	-1.7292
1418	-1.6978
1419	-1.2416
1420	-1.2232
1421	-1.6587
1422	-1.6826
1423	-1.7292
1424	-1.7498
1425	-1.7566
1426	-1.7498
1427	-1.7292
1428	-1.6826
1429	-1.6587
1430	-1.2232
1431	-1.2383
1432	-1.6471
1433	-1.6587
1434	-1.6978
1435	-1.7153
1436	-1.7214
1437	-1.7153
1438	-1.6978
1439	-1.6587
1440	-1.6471
1441	-1.2383
1442	-0.92353
1443	-1.2383
1444	-1.2232
1445	-1.2416
1446	-1.2479
1447	-1.2502
1448	-1.2479
1449	-1.2416
1450	-1.2232
1451	-1.2383
1452	-0.92353
1453	2.2397e-003
1454	1.631e-002
1455	4.2192e-002
1456	6.9228e-002
1457	8.877e-002
1458	9.5826e-002
1459	8.877e-002
1460	6.9228e-002
1461	4.2192e-002
1462	1.631e-002
1463	2.2396e-003
1464	1.631e-002
1465	2.3539e-002
1466	4.6445e-002
1467	7.4061e-002
1468	9.419e-002
1469	0.10145
1470	9.419e-002
1471	7.4061e-002
1472	4.6445e-002
1473	2.3539e-002
1474	1.631e-002
1475	4.2192e-002
1476	4.6445e-002
1477	5.6192e-002
1478	8.1682e-002
1479	0.1024
1480	0.10987
1481	0.1024
1482	8.1682e-002
1483	5.6192e-002
1484	4.6445e-002
1485	4.2192e-002
1486	6.9228e-002
1487	7.4061e-002
1488	8.1682e-002
1489	9.0777e-002
1490	0.11065
1491	0.11835
1492	0.11065
1493	9.0777e-002
1494	8.1682e-002
1495	7.4061e-002
1496	6.9228e-002
1497	8.877e-002
1498	9.419e-002
1499	0.1024
1500	0.11065
1501	0.1169
1502	0.12442
1503	0.1169
1504	0.11065
1505	0.1024
1506	9.419e-002
1507	8.8771e-002
1508	9.5826e-002
1509	0.10145
1510	0.10987
1511	0.11835
1512	0.12442
1513	0.12661
1514	0.12442
1515	0.11835
1516	0.10987
1517	0.10145
1518	9.5826e-002
1519	8.8771e-002
1520	9.419e-002
1521	0.1024
1522	0.11065
1523	0.1169
1524	0.12442
1525	0.1169
1526	0.11065
1527	0.1024
1528	9.419e-002
1529	8.877e-002
1530	6.9228e-002
1531	7.4061e-002
1532	8.1682e-002
1533	9.0777e-002
1534	0.11065
1535	0.11835
1536	0.11065
1537	9.0777e-002
1538	8.1682e-002
1539	7.4061e-002
1540	6.9228e-002
1541	4.2192e-002
1542	4.6445e-002
1543	5.6192e-002
1544	8.1682e-002
1545	0.1024
1546	0.10987
1547	0.1024
1548	8.1682e-002
1549	5.6192e-002
1550	4.6445e-002
1551	4.2192e-002
1552	1.631e-002
1553	2.3539e-002
1554	4.6445e-002
1555	7.4061e-002
1556	9.419e-002
1557	0.10145
1558	9.419e-002
1559	7.4061e-002
1560	4.6445e-002
1561	2.3539e-002
1562	1.631e-002
1563	2.2397e-003
1564	1.631e-002
1565	4.2192e-002
1566	6.9228e-002
1567	8.877e-002
1568	9.5826e-002
1569	8.877e-002
1570	6.9228e-002
1571	4.2192e-002
1572	1.631e-002
1573	2.2395e-003
1574	1.7687e-003
1575	1.6363e-002
1576	4.0625e-002
1577	6.5639e-002
1578	8.3809e-002
1579	9.0394e-002
1580	8.3809e-002
1581	6.5639e-002
1582	4.0624e-002
1583	1.6363e-002
1584	1.7683e-003
1585	-7.1604e-004
1586	1.7692e-003
1587	1.6364e-002
1588	4.0625e-002
1589	6.5639e-002
1590	8.3809e-002
1591	9.0394e-002
1592	8.3809e-002
1593	6.5639e-002
1594	4.0625e-002
1595	1.6363e-002
1596	1.7688e-003
1597	-7.1614e-004
1598	1.7687e-003
1599	1.6363e-002
1600	4.0625e-002
1601	6.5639e-002
1602	8.3809e-002
1603	9.0394e-002
1604	8.3809e-002
1605	6.5639e-002
1606	4.0625e-002
1607	1.6363e-002
1608	1.7688e-003
1609	-7.1613e-004
1610	1.7687e-003
1611	1.6363e-002
1612	4.0625e-002
1613	6.5639e-002
1614	8.3809e-002
1615	9.0394e-002
1616	8.3809e-002
1617	6.5639e-002
1618	4.0625e-002
1619	1.6363e-002
1620	1.7687e-003
1621	-7.1598e-004
1622	6.1829e-003
1623	3.5604e-003
1624	3.3694e-003
1625	4.2855e-003
1626	5.897e-003
1627	7.9021e-003
1628	1.0709e-002
1629	1.2281e-002
1630	4.1755e-002
1631	2.6996e-002
1632	0.64828
1633	1.7972e-002
1634	1.5319e-002
1635	1.6486e-002
1636	2.0494e-002
1637	2.5632e-002
1638	2.9322e-002
1639	2.9129e-002
1640	1.2886e-002
1641	4.3773e-002
1642	-4.25e-002
1643	0.69404
1644	3.1614e-002
1645	2.8783e-002
1646	3.186e-002
1647	3.8152e-002
1648	4.3839e-002
1649	4.3405e-002
1650	2.8467e-002
1651	-3.2013e-003
1652	4.684e-002
1653	-5.1358e-002
1654	0.68848
1655	4.4837e-002
1656	4.0183e-002
1657	4.4199e-002
1658	5.111e-002
1659	5.4741e-002
1660	4.6525e-002
1661	1.4865e-002
1662	-3.3137e-003
1663	4.775e-002
1664	-5.0574e-002
1665	0.68743
1666	5.4335e-002
1667	4.7646e-002
1668	5.171e-002
1669	5.8318e-002
1670	5.9456e-002
1671	4.4624e-002
1672	3.8655e-003
1673	-3.297e-003
1674	4.7445e-002
1675	-5.095e-002
1676	0.68821
1677	5.7775e-002
1678	5.0226e-002
1679	5.4188e-002
1680	6.0553e-002
1681	6.0636e-002
1682	4.3281e-002
1683	3.7965e-003
1684	-3.2331e-003
1685	4.7592e-002
1686	-5.1024e-002
1687	0.68819
1688	5.4335e-002
1689	4.7646e-002
1690	5.171e-002
1691	5.8318e-002
1692	5.9456e-002
1693	4.4624e-002
1694	3.8655e-003
1695	-3.297e-003
1696	4.7445e-002
1697	-5.095e-002
1698	0.68821
1699	4.4837e-002
1700	4.0183e-002
1701	4.4199e-002
1702	5.111e-002
1703	5.4741e-002
1704	4.6525e-002
1705	1.4865e-002
1706	-3.3137e-003
1707	4.775e-002
1708	-5.0574e-002
1709	0.68743
1710	3.1614e-002
1711	2.8782e-002
1712	3.186e-002
1713	3.8152e-002
1714	4.3839e-002
1715	4.3405e-002
1716	2.8467e-002
1717	-3.2013e-003
1718	4.684e-002
1719	-5.1358e-002
1720	0.68848
1721	1.7972e-002
1722	1.5319e-002
1723	1.6486e-002
1724	2.0494e-002
1725	2.5632e-002
1726	2.9322e-002
1727	2.9129e-002
1728	1.2886e-002
1729	4.3773e-002
1730	-4.25e-002
1731	0.69404
1732	6.183e-003
1733	3.5605e-003
1734	3.3693e-003
1735	4.2854e-003
1736	5.8969e-003
1737	7.9018e-003
1738	1.0709e-002
1739	1.2281e-002
1740	4.1755e-002
1741	2.6996e-002
1742	0.64828
1743	-1.6809
1744	-1.929
1745	-1.9402
1746	-1.9591
1747	-1.9694
1748	-1.9725
1749	-1.9694
1750	-1.9591
1751	-1.9402
1752	-1.929
1753	-1.6809
1754	-2.3654
1755	0.98788
1756	-7.2323e-002
1757	5.5284e-002
1758	-9.6501e-003
1759	8.6152e-004
1760	-1.8744e-003
1761	-1.0736e-003
1762	-9.3388e-004
1763	-7.8496e-004
1764	-4.9598e-004
1765	-6.33e-004
1766	-2.3654
1767	0.98788
1768	-7.2323e-002
1769	5.5284e-002
1770	-9.6502e-003
1771	8.6139e-004
1772	-1.8744e-003
1773	-1.0736e-003
1774	-9.3391e-004
1775	-7.85e-004
1776	-4.9591e-004
1777	-6.3306e-004
1778	0.64828
1779	0.69404
1780	0.68848
1781	0.68743
1782	0.68821
1783	0.68819
1784	0.68821
1785	0.68743
1786	0.68848
1787	0.69404
1788	0.64828
1789	2.6996e-002
1790	-4.2499e-002
1791	-5.1358e-002
1792	-5.0574e-002
1793	-5.095e-002
1794	-5.1024e-002
1795	-5.095e-002
1796	-5.0574e-002
1797	-5.1358e-002
1798	-4.25e-002
1799	2.6996e-002
1800	4.1755e-002
1801	4.3773e-002
1802	4.684e-002
1803	4.775e-002
1804	4.7445e-002
1805	4.7592e-002
1806	4.7445e-002
1807	4.775e-002
1808	4.684e-002
1809	4.3773e-002
1810	4.1755e-002
1811	1.2281e-002
1812	1.2886e-002
1813	-3.2013e-003
1814	-3.3137e-003
1815	-3.2971e-003
1816	-3.2331e-003
1817	-3.297e-003
1818	-3.3137e-003
1819	-3.2013e-003
1820	1.2886e-002
1821	1.2281e-002
1822	1.0709e-002
1823	2.9129e-002
1824	2.8467e-002
1825	1.4865e-002
1826	3.8655e-003
1827	3.7965e-003
1828	3.8657e-003
1829	1.4865e-002
1830	2.8467e-002
1831	2.9129e-002
1832	1.0709e-002
1833	7.9024e-003
1834	2.9322e-002
1835	4.3405e-002
1836	4.6525e-002
1837	4.4624e-002
1838	4.3281e-002
1839	4.4624e-002
1840	4.6525e-002
1841	4.3405e-002
1842	2.9322e-002
1843	7.9024e-003
1844	5.8972e-003
1845	2.5632e-002
1846	4.3839e-002
1847	5.4741e-002
1848	5.9456e-002
1849	6.0636e-002
1850	5.9456e-002
1851	5.4741e-002
1852	4.3839e-002
1853	2.5632e-002
1854	5.8972e-003
1855	4.2854e-003
1856	2.0494e-002
1857	3.8152e-002
1858	5.111e-002
1859	5.8318e-002
1860	6.0553e-002
1861	5.8318e-002
1862	5.111e-002
1863	3.8152e-002
1864	2.0494e-002
1865	4.2854e-003
1866	3.3694e-003
1867	1.6486e-002
1868	3.186e-002
1869	4.4199e-002
1870	5.171e-002
1871	5.4188e-002
1872	5.171e-002
1873	4.4199e-002
1874	3.186e-002
1875	1.6486e-002
1876	3.3693e-003
1877	3.5605e-003
1878	1.5319e-002
1879	2.8783e-002
1880	4.0183e-002
1881	4.7646e-002
1882	5.0226e-002
1883	4.7646e-002
1884	4.0183e-002
1885	2.8783e-002
1886	1.5319e-002
1887	3.5606e-003
1888	6.1829e-003
1889	1.7972e-002
1890	3.1614e-002
1891	4.4837e-002
1892	5.4335e-002
1893	5.7775e-002
1894	5.4335e-002
1895	4.4837e-002
1896	3.1614e-002
1897	1.7972e-002
1898	6.183e-003
1899	-1.6809
1900	-1.929
1901	-1.9402
1902	-1.9591
1903	-1.9694
1904	-1.9725
1905	-1.9694
1906	-1.9591
1907	-1.9402
1908	-1.929
1909	-1.6809
1910	-2.3654
1911	0.98788
1912	-7.2323e-002
1913	5.5284e-002
1914	-9.6501e-003
1915	8.6129e-004
1916	-1.8745e-003
1917	-1.0736e-003
1918	-9.3376e-004
1919	-7.8493e-004
1920	-4.9601e-004
1921	-6.3311e-004
1922	0.64828
1923	0.69404
1924	0.68848
1925	0.68743
1926	0.68821
1927	0.68819
1928	0.68821
1929	0.68743
1930	0.68848
1931	0.69404
1932	0.64828
1933	2.6996e-002
1934	-4.25e-002
1935	-5.1358e-002
1936	-5.0574e-002
1937	-5.095e-002
1938	-5.1024e-002
1939	-5.095e-002
1940	-5.0574e-002
1941	-5.1358e-002
1942	-4.25e-002
1943	2.6996e-002
1944	4.1755e-002
1945	4.3773e-002
1946	4.684e-002
1947	4.775e-002
1948	4.7445e-002
1949	4.7592e-002
1950	4.7445e-002
1951	4.775e-002
1952	4.684e-002
1953	4.3773e-002
1954	4.1755e-002
1955	1.2281e-002
1956	1.2886e-002
1957	-3.2013e-003
1958	-3.3137e-003
1959	-3.297e-003
1960	-3.2331e-003
1961	-3.297e-003
1962	-3.3138e-003
1963	-3.2013e-003
1964	1.2886e-002
1965	1.2281e-002
1966	1.0709e-002
1967	2.9129e-002
1968	2.8467e-002
1969	1.4865e-002
1970	3.8656e-003
1971	3.7966e-003
1972	3.8655e-003
1973	1.4865e-002
1974	2.8467e-002
1975	2.9129e-002
1976	1.0709e-002
1977	7.9024e-003
1978	2.9322e-002
1979	4.3405e-002
1980	4.6525e-002
1981	4.4624e-002
1982	4.3281e-002
1983	4.4625e-002
1984	4.6525e-002
1985	4.3405e-002
1986	2.9322e-002
1987	7.9022e-003
1988	5.8971e-003
1989	2.5632e-002
1990	4.3839e-002
1991	5.4741e-002
1992	5.9456e-002
1993	6.0636e-002
1994	5.9456e-002
1995	5.4741e-002
1996	4.3839e-002
1997	2.5632e-002
1998	5.8972e-003
1999	4.2853e-003
2000	2.0493e-002
2001	3.8152e-002
2002	5.111e-002
2003	5.8318e-002
2004	6.0553e-002
2005	5.8318e-002
2006	5.111e-002
2007	3.8152e-002
2008	2.0494e-002
2009	4.2855e-003
2010	3.3694e-003
2011	1.6486e-002
2012	3.186e-002
2013	4.4199e-002
2014	5.171e-002
2015	5.4188e-002
2016	5.171e-002
2017	4.4199e-002
2018	3.186e-002
2019	1.6486e-002
2020	3.3693e-003
2021	3.5607e-003
2022	1.5319e-002
2023	2.8783e-002
2024	4.0183e-002
2025	4.7646e-002
2026	5.0226e-002
2027	4.7647e-002
2028	4.0183e-002
2029	2.8783e-002
2030	1.5319e-002
2031	3.5604e-003
2032	6.1835e-003
2033	1.7973e-002
2034	3.1614e-002
2035	4.4837e-002
2036	5.4335e-002
2037	5.7775e-002
2038	5.4335e-002
2039	4.4837e-002
2040	3.1614e-002
2041	1.7972e-002
2042	6.1829e-003
2043	-1.6809
2044	-1.929
2045	-1.9402
2046	-1.9591
2047	-1.9694
2048	-1.9725
2049	-1.9694
2050	-1.9591
2051	-1.9402
2052	-1.929
2053	-1.6809
2054	-2.3654
2055	0.98788
2056	-7.2323e-002
2057	5.5284e-002
2058	-9.65e-003
2059	8.6155e-004
2060	-1.8745e-003
2061	-1.0736e-003
2062	-9.3392e-004
2063	-7.8498e-004
2064	-4.9602e-004
2065	-6.3303e-004
2066	6.1823e-003
2067	1.7972e-002
2068	3.1614e-002
2069	4.4837e-002
2070	5.4335e-002
2071	5.7775e-002
2072	5.4335e-002
2073	4.4837e-002
2074	3.1614e-002
2075	1.7972e-002
2076	6.1828e-003
2077	3.5601e-003
2078	1.5319e-002
2079	2.8782e-002
2080	4.0183e-002
2081	4.7646e-002
2082	5.0226e-002
2083	4.7646e-002
2084	4.0183e-002
2085	2.8783e-002
2086	1.5319e-002
2087	3.5604e-003
2088	3.3692e-003
2089	1.6486e-002
2090	3.186e-002
2091	4.4199e-002
2092	5.171e-002
2093	5.4188e-002
2094	5.171e-002
2095	4.4199e-002
2096	3.186e-002
2097	1.6486e-002
2098	3.3694e-003
2099	4.2856e-003
2100	2.0494e-002
2101	3.8152e-002
2102	5.111e-002
2103	5.8318e-002
2104	6.0553e-002
2105	5.8318e-002
2106	5.111e-002
2107	3.8152e-002
2108	2.0494e-002
2109	4.2855e-003
2110	5.8972e-003
2111	2.5632e-002
2112	4.3839e-002
2113	5.4741e-002
2114	5.9456e-002
2115	6.0636e-002
2116	5.9456e-002
2117	5.4741e-002
2118	4.3839e-002
2119	2.5632e-002
2120	5.8974e-003
2121	7.9022e-003
2122	2.9322e-002
2123	4.3405e-002
2124	4.6525e-002
2125	4.4624e-002
2126	4.328e-002
2127	4.4624e-002
2128	4.6525e-002
2129	4.3405e-002
2130	2.9323e-002
2131	7.9028e-003
2132	1.0709e-002
2133	2.9129e-002
2134	2.8467e-002
2135	1.4865e-002
2136	3.8656e-003
2137	3.7966e-003
2138	3.8656e-003
2139	1.4865e-002
2140	2.8467e-002
2141	2.9129e-002
2142	1.071e-002
2143	1.2281e-002
2144	1.2886e-002
2145	-3.2013e-003
2146	-3.3137e-003
2147	-3.297e-003
2148	-3.2331e-003
2149	-3.297e-003
2150	-3.3138e-003
2151	-3.2014e-003
2152	1.2886e-002
2153	1.2281e-002
2154	4.1755e-002
2155	4.3773e-002
2156	4.684e-002
2157	4.775e-002
2158	4.7445e-002
2159	4.7592e-002
2160	4.7445e-002
2161	4.775e-002
2162	4.684e-002
2163	4.3773e-002
2164	4.1755e-002
2165	2.6996e-002
2166	-4.2499e-002
2167	-5.1358e-002
2168	-5.0574e-002
2169	-5.095e-002
2170	-5.1024e-002
2171	-5.095e-002
2172	-5.0574e-002
2173	-5.1358e-002
2174	-4.25e-002
2175	2.6996e-002
2176	0.64828
2177	0.69404
2178	0.68848
2179	0.68743
2180	0.68821
2181	0.68819
2182	0.68821
2183	0.68743
2184	0.68848
2185	0.69404
2186	0.64828
2187	-1.6809
2188	-1.929
2189	-1.9402
2190	-1.9591
2191	-1.9694
2192	-1.9725
2193	-1.9694
2194	-1.9591
2195	-1.9402
2196	-1.929
2197	-1.6809
2198	-0.3905
2199	-0.615
2200	-0.615
2201	-0.80337
2202	-9.0161e-002
2203	-9.0161e-002
2204	1.4453e-002
2205	-4.7476e-002
2206	-4.7476e-002
2207	8.8245e-003
2208	8.8245e-003
2209	2.9095e-002
2210	-1.1925e-002
2211	-1.1925e-002
2212	2.6939e-002
2213	2.6939e-002
2214	3.5606e-002
2215	2.878e-002
2216	2.878e-002
2217	2.3773e-002
2218	2.3773e-002
2219	2.7722e-002
2220	3.0634e-002
2221	3.0634e-002
2222	1.9837e-002
2223	1.9837e-002
2224	2.0315e-002
2225	2.7372e-002
2226	2.7372e-002
2227	1.4283e-002
2228	1.4283e-002
2229	1.3863e-002
2230	2.1659e-002
2231	2.1659e-002
2232	9.9891e-003
2233	9.9891e-003
2234	9.0331e-003
2235	1.6285e-002
2236	1.6285e-002
2237	6.6535e-003
2238	6.6535e-003
2239	5.9671e-003
2240	1.2616e-002
2241	1.2616e-002
2242	4.675e-003
2243	4.675e-003
2244	7.5057e-003
2245	1.1999e-002
2246	1.1999e-002
2247	4.6885e-003
2248	4.6885e-003
2249	1.4076e-002
2250	1.4076e-002
2251	5.4529e-003
2252	6.7158e-003
2253	6.7158e-003
2254	-0.35481
2255	-0.57923
2256	-0.76951
2257	-0.9412
2258	-2.4456e-002
2259	-5.4841e-002
2260	-7.444e-002
2261	-0.24285
2262	-5.6715e-002
2263	-8.2951e-003
2264	-4.6817e-002
2265	-9.4814e-002
2266	2.0849e-003
2267	2.3972e-002
2268	5.2951e-003
2269	-4.1012e-003
2270	1.238e-002
2271	3.0204e-002
2272	2.0965e-002
2273	2.2813e-002
2274	2.5077e-002
2275	2.9028e-002
2276	2.8606e-002
2277	2.9989e-002
2278	2.6826e-002
2279	2.4696e-002
2280	2.9291e-002
2281	2.8139e-002
2282	2.4532e-002
2283	2.0449e-002
2284	2.6994e-002
2285	2.3573e-002
2286	2.057e-002
2287	1.8396e-002
2288	2.4713e-002
2289	1.9551e-002
2290	1.7434e-002
2291	1.9256e-002
2292	2.4945e-002
2293	1.8664e-002
2294	1.6839e-002
2295	2.8206e-002
2296	2.1902e-002
2297	1.8198e-002
2298	1.906e-002
2299	-0.35814
2300	-0.57775
2301	-0.77947
2302	-0.92791
2303	-2.518e-002
2304	-7.146e-002
2305	-8.2123e-002
2306	-0.26797
2307	-7.0376e-002
2308	-3.0001e-002
2309	-5.6667e-002
2310	-0.13042
2311	-4.3972e-003
2312	3.2181e-003
2313	-1.0189e-002
2314	-3.8593e-002
2315	-3.9487e-003
2316	1.8628e-002
2317	5.7672e-003
2318	1.0413e-003
2319	1.4231e-002
2320	2.8318e-002
2321	2.0386e-002
2322	2.1291e-002
2323	3.0347e-002
2324	3.1477e-002
2325	3.0861e-002
2326	2.8831e-002
2327	3.5889e-002
2328	3.1135e-002
2329	3.4657e-002
2330	3.0214e-002
2331	3.4359e-002
2332	3.0993e-002
2333	3.5169e-002
2334	3.0005e-002
2335	3.1122e-002
2336	3.3701e-002
2337	3.703e-002
2338	3.1898e-002
2339	3.0153e-002
2340	4.357e-002
2341	3.7403e-002
2342	3.9033e-002
2343	3.3773e-002
2344	-0.35514
2345	-0.57644
2346	-0.77839
2347	-0.93015
2348	-2.5294e-002
2349	-7.2553e-002
2350	-8.1247e-002
2351	-0.26807
2352	-6.9378e-002
2353	-3.6844e-002
2354	-5.9776e-002
2355	-0.13926
2356	-5.8443e-003
2357	-7.5371e-003
2358	-1.5884e-002
2359	-5.3384e-002
2360	-9.0151e-003
2361	5.499e-003
2362	-2.9356e-003
2363	-1.5395e-002
2364	2.9133e-003
2365	2.1158e-002
2366	9.2368e-003
2367	7.7591e-003
2368	2.5571e-002
2369	3.3774e-002
2370	2.8561e-002
2371	2.4106e-002
2372	4.1389e-002
2373	3.86e-002
2374	3.8888e-002
2375	3.3477e-002
2376	4.4044e-002
2377	4.107e-002
2378	4.2376e-002
2379	3.7951e-002
2380	4.1882e-002
2381	4.6784e-002
2382	4.6133e-002
2383	4.2798e-002
2384	4.1355e-002
2385	5.6463e-002
2386	5.2728e-002
2387	6.013e-002
2388	4.7953e-002
2389	-0.35426
2390	-0.5761
2391	-0.77758
2392	-0.92969
2393	-2.4824e-002
2394	-7.3396e-002
2395	-8.116e-002
2396	-0.26843
2397	-6.9689e-002
2398	-3.9168e-002
2399	-6.0823e-002
2400	-0.14243
2401	-6.8147e-003
2402	-1.1179e-002
2403	-1.7557e-002
2404	-5.821e-002
2405	-1.0297e-002
2406	-1.2943e-003
2407	-5.9221e-003
2408	-2.2358e-002
2409	-6.9108e-004
2410	1.2249e-002
2411	1.3742e-003
2412	-2.4777e-003
2413	1.8639e-002
2414	3.3574e-002
2415	2.5886e-002
2416	1.7338e-002
2417	4.2861e-002
2418	4.2691e-002
2419	4.0575e-002
2420	3.4291e-002
2421	4.9229e-002
2422	4.7416e-002
2423	4.5953e-002
2424	4.2592e-002
2425	4.839e-002
2426	5.5782e-002
2427	5.0989e-002
2428	4.9901e-002
2429	4.8699e-002
2430	6.3751e-002
2431	6.3633e-002
2432	7.529e-002
2433	5.8078e-002
2434	-0.35409
2435	-0.5761
2436	-0.77756
2437	-0.92987
2438	-2.4972e-002
2439	-7.3428e-002
2440	-8.116e-002
2441	-0.26838
2442	-6.9709e-002
2443	-3.958e-002
2444	-6.0823e-002
2445	-0.14297
2446	-6.8279e-003
2447	-1.2018e-002
2448	-1.7557e-002
2449	-5.93e-002
2450	-1.0517e-002
2451	-3.024e-003
2452	-5.9221e-003
2453	-2.4099e-002
2454	-1.3686e-003
2455	6.3708e-003
2456	1.3742e-003
2457	-5.8521e-003
2458	1.5356e-002
2459	3.3173e-002
2460	2.5886e-002
2461	1.3348e-002
2462	4.2973e-002
2463	4.3956e-002
2464	4.0575e-002
2465	3.4307e-002
2466	5.0794e-002
2467	4.9567e-002
2468	4.5952e-002
2469	4.4091e-002
2470	5.0533e-002
2471	5.8975e-002
2472	5.0989e-002
2473	5.2357e-002
2474	5.1241e-002
2475	6.3751e-002
2476	6.756e-002
2477	8.076e-002
2478	6.1734e-002
2479	-0.35426
2480	-0.57644
2481	-0.77758
2482	-0.92969
2483	-2.4824e-002
2484	-7.3396e-002
2485	-8.1247e-002
2486	-0.26843
2487	-6.9689e-002
2488	-3.9168e-002
2489	-5.9776e-002
2490	-0.14243
2491	-6.8146e-003
2492	-1.1179e-002
2493	-1.5884e-002
2494	-5.821e-002
2495	-1.0297e-002
2496	-1.2943e-003
2497	-2.9356e-003
2498	-2.2358e-002
2499	-6.9103e-004
2500	1.2249e-002
2501	9.2368e-003
2502	-2.4776e-003
2503	1.8639e-002
2504	3.3574e-002
2505	2.8561e-002
2506	1.7338e-002
2507	4.2861e-002
2508	4.2691e-002
2509	3.8888e-002
2510	3.4291e-002
2511	4.9229e-002
2512	4.7416e-002
2513	4.2376e-002
2514	4.2592e-002
2515	4.8389e-002
2516	5.5782e-002
2517	4.6133e-002
2518	4.9901e-002
2519	4.8698e-002
2520	5.6463e-002
2521	6.3634e-002
2522	7.529e-002
2523	5.8078e-002
2524	-0.35514
2525	-0.57775
2526	-0.77839
2527	-0.93015
2528	-2.5294e-002
2529	-7.2553e-002
2530	-8.2123e-002
2531	-0.26807
2532	-6.9378e-002
2533	-3.6844e-002
2534	-5.6667e-002
2535	-0.13926
2536	-5.8443e-003
2537	-7.5371e-003
2538	-1.0189e-002
2539	-5.3384e-002
2540	-9.0151e-003
2541	5.499e-003
2542	5.7671e-003
2543	-1.5395e-002
2544	2.9133e-003
2545	2.1158e-002
2546	2.0386e-002
2547	7.759e-003
2548	2.5571e-002
2549	3.3774e-002
2550	3.0861e-002
2551	2.4106e-002
2552	4.1389e-002
2553	3.86e-002
2554	3.4657e-002
2555	3.3477e-002
2556	4.4044e-002
2557	4.107e-002
2558	3.5169e-002
2559	3.7951e-002
2560	4.1882e-002
2561	4.6784e-002
2562	3.703e-002
2563	4.2798e-002
2564	4.1355e-002
2565	4.357e-002
2566	5.2728e-002
2567	6.013e-002
2568	4.7953e-002
2569	-0.35814
2570	-0.57923
2571	-0.77947
2572	-0.92791
2573	-2.518e-002
2574	-7.146e-002
2575	-7.444e-002
2576	-0.26797
2577	-7.0376e-002
2578	-3.0001e-002
2579	-4.6817e-002
2580	-0.13042
2581	-4.3972e-003
2582	3.2181e-003
2583	5.2951e-003
2584	-3.8593e-002
2585	-3.9488e-003
2586	1.8628e-002
2587	2.0965e-002
2588	1.0412e-003
2589	1.4231e-002
2590	2.8318e-002
2591	2.8606e-002
2592	2.1291e-002
2593	3.0347e-002
2594	3.1476e-002
2595	2.9291e-002
2596	2.8831e-002
2597	3.5889e-002
2598	3.1135e-002
2599	2.6994e-002
2600	3.0214e-002
2601	3.4359e-002
2602	3.0993e-002
2603	2.4713e-002
2604	3.0005e-002
2605	3.1122e-002
2606	3.3701e-002
2607	2.4945e-002
2608	3.1898e-002
2609	3.0153e-002
2610	2.8206e-002
2611	3.7403e-002
2612	3.9033e-002
2613	3.3773e-002
2614	-0.35481
2615	-0.615
2616	-0.76951
2617	-0.9412
2618	-2.4456e-002
2619	-5.4841e-002
2620	-4.7476e-002
2621	-0.24285
2622	-5.6715e-002
2623	-8.2951e-003
2624	-1.1925e-002
2625	-9.4814e-002
2626	2.0849e-003
2627	2.3972e-002
2628	2.878e-002
2629	-4.1012e-003
2630	1.238e-002
2631	3.0203e-002
2632	3.0634e-002
2633	2.2813e-002
2634	2.5077e-002
2635	2.9028e-002
2636	2.7372e-002
2637	2.9989e-002
2638	2.6826e-002
2639	2.4696e-002
2640	2.1659e-002
2641	2.8139e-002
2642	2.4532e-002
2643	2.0449e-002
2644	1.6285e-002
2645	2.3573e-002
2646	2.057e-002
2647	1.8396e-002
2648	1.2616e-002
2649	1.9551e-002
2650	1.7434e-002
2651	1.9256e-002
2652	1.1999e-002
2653	1.8664e-002
2654	1.6839e-002
2655	1.4076e-002
2656	2.1902e-002
2657	1.8198e-002
2658	1.906e-002
2659	-0.3905
2660	-0.615
2661	-0.80337
2662	-9.0161e-002
2663	-9.0161e-002
2664	1.4453e-002
2665	-4.7476e-002
2666	8.8245e-003
2667	8.8245e-003
2668	2.9095e-002
2669	-1.1925e-002
2670	2.6939e-002
2671	2.6939e-002
2672	3.5606e-002
2673	2.878e-002
2674	2.3773e-002
2675	2.3773e-002
2676	2.7722e-002
2677	3.0634e-002
2678	1.9837e-002
2679	1.9837e-002
2680	2.0315e-002
2681	2.7372e-002
2682	1.4283e-002
2683	1.4283e-002
2684	1.3863e-002
2685	2.1659e-002
2686	9.9891e-003
2687	9.9891e-003
2688	9.0332e-003
2689	1.6285e-002
2690	6.6535e-003
2691	6.6535e-003
2692	5.9671e-003
2693	1.2616e-002
2694	4.675e-003
2695	4.675e-003
2696	7.5057e-003
2697	1.1999e-002
2698	4.6885e-003
2699	4.6886e-003
2700	1.4076e-002
2701	5.4528e-003
2702	6.7158e-003
2703	6.7159e-003
2704	-0.35481
2705	-0.76951
2706	-0.57923
2707	-0.9412
2708	-2.4456e-002
2709	-5.4841e-002
2710	-0.24285
2711	-7.444e-002
2712	-5.6715e-002
2713	-8.2951e-003
2714	-9.4814e-002
2715	-4.6817e-002
2716	2.0849e-003
2717	2.3972e-002
2718	-4.1012e-003
2719	5.2951e-003
2720	1.238e-002
2721	3.0203e-002
2722	2.2813e-002
2723	2.0965e-002
2724	2.5077e-002
2725	2.9028e-002
2726	2.9989e-002
2727	2.8606e-002
2728	2.6826e-002
2729	2.4696e-002
2730	2.8139e-002
2731	2.9291e-002
2732	2.4532e-002
2733	2.0449e-002
2734	2.3573e-002
2735	2.6994e-002
2736	2.057e-002
2737	1.8396e-002
2738	1.9551e-002
2739	2.4713e-002
2740	1.7434e-002
2741	1.9256e-002
2742	1.8664e-002
2743	2.4945e-002
2744	1.6838e-002
2745	2.1902e-002
2746	2.8206e-002
2747	1.8198e-002
2748	1.906e-002
2749	-0.7042
2750	-0.96154
2751	-0.96154
2752	-1.2941
2753	-0.2751
2754	-0.43666
2755	-0.43666
2756	-8.6545e-002
2757	-0.18498
2758	-0.18498
2759	-4.9992e-003
2760	-5.2186e-002
2761	-5.2186e-002
2762	2.2563e-002
2763	1.5117e-003
2764	1.5117e-003
2765	2.9608e-002
2766	2.3074e-002
2767	2.3074e-002
2768	2.8076e-002
2769	2.8627e-002
2770	2.8627e-002
2771	2.4115e-002
2772	2.7673e-002
2773	2.7673e-002
2774	2.0816e-002
2775	2.5422e-002
2776	2.5422e-002
2777	2.1512e-002
2778	2.568e-002
2779	2.568e-002
2780	3.1004e-002
2781	3.1004e-002
2782	2.4127e-002
2783	-0.73223
2784	-0.97918
2785	-1.0847
2786	-1.3347
2787	-0.33235
2788	-0.4523
2789	-0.58502
2790	-0.14008
2791	-0.21319
2792	-0.28582
2793	-4.2224e-002
2794	-8.4084e-002
2795	-0.11535
2796	2.5366e-003
2797	-2.2595e-002
2798	-3.2271e-002
2799	2.2017e-002
2800	8.8943e-003
2801	7.8676e-003
2802	2.8391e-002
2803	2.358e-002
2804	2.3968e-002
2805	2.9578e-002
2806	2.977e-002
2807	2.8966e-002
2808	3.075e-002
2809	3.2979e-002
2810	3.0117e-002
2811	3.5302e-002
2812	3.7678e-002
2813	3.2682e-002
2814	4.6521e-002
2815	4.0529e-002
2816	4.2587e-002
2817	-0.73032
2818	-0.97958
2819	-1.0946
2820	-1.3521
2821	-0.33914
2822	-0.45349
2823	-0.58944
2824	-0.15666
2825	-0.22112
2826	-0.30649
2827	-6.2329e-002
2828	-9.6315e-002
2829	-0.14373
2830	-1.5432e-002
2831	-3.6258e-002
2832	-5.7155e-002
2833	9.9141e-003
2834	-4.2951e-003
2835	-9.6626e-003
2836	2.4426e-002
2837	1.5121e-002
2838	1.5099e-002
2839	3.2986e-002
2840	2.918e-002
2841	2.7853e-002
2842	3.9568e-002
2843	3.8167e-002
2844	3.5399e-002
2845	4.8622e-002
2846	4.6551e-002
2847	4.3341e-002
2848	5.9872e-002
2849	5.6054e-002
2850	6.4178e-002
2851	-0.72924
2852	-0.9793
2853	-1.0954
2854	-1.3562
2855	-0.34153
2856	-0.45386
2857	-0.59103
2858	-0.16208
2859	-0.22362
2860	-0.31258
2861	-6.9696e-002
2862	-0.10017
2863	-0.15262
2864	-2.4505e-002
2865	-4.1285e-002
2866	-6.7746e-002
2867	-4.5992e-004
2868	-1.102e-002
2869	-2.0996e-002
2870	1.8414e-002
2871	6.3408e-003
2872	5.416e-003
2873	3.4225e-002
2874	2.777e-002
2875	2.5013e-002
2876	4.5044e-002
2877	4.0632e-002
2878	3.8512e-002
2879	5.7723e-002
2880	5.1237e-002
2881	5.0236e-002
2882	6.7417e-002
2883	6.7276e-002
2884	7.9805e-002
2885	-0.72894
2886	-0.9793
2887	-1.0957
2888	-1.3575
2889	-0.34192
2890	-0.45386
2891	-0.59125
2892	-0.16324
2893	-0.22362
2894	-0.3138
2895	-7.1483e-002
2896	-0.10017
2897	-0.15466
2898	-2.694e-002
2899	-4.1285e-002
2900	-7.0407e-002
2901	-4.4825e-003
2902	-1.102e-002
2903	-2.4407e-002
2904	1.4482e-002
2905	6.3408e-003
2906	-5.3324e-004
2907	3.4442e-002
2908	2.777e-002
2909	2.3267e-002
2910	4.6881e-002
2911	4.0632e-002
2912	3.9482e-002
2913	6.0941e-002
2914	5.1237e-002
2915	5.2606e-002
2916	6.7417e-002
2917	7.131e-002
2918	8.5439e-002
2919	-0.72924
2920	-0.97958
2921	-1.0954
2922	-1.3562
2923	-0.34153
2924	-0.45349
2925	-0.59103
2926	-0.16208
2927	-0.22112
2928	-0.31258
2929	-6.9696e-002
2930	-9.6315e-002
2931	-0.15262
2932	-2.4504e-002
2933	-3.6258e-002
2934	-6.7746e-002
2935	-4.5993e-004
2936	-4.2951e-003
2937	-2.0996e-002
2938	1.8414e-002
2939	1.5121e-002
2940	5.416e-003
2941	3.4225e-002
2942	2.918e-002
2943	2.5013e-002
2944	4.5044e-002
2945	3.8167e-002
2946	3.8512e-002
2947	5.7723e-002
2948	4.6551e-002
2949	5.0236e-002
2950	5.9872e-002
2951	6.7276e-002
2952	7.9805e-002
2953	-0.73032
2954	-0.97918
2955	-1.0946
2956	-1.3521
2957	-0.33914
2958	-0.4523
2959	-0.58944
2960	-0.15666
2961	-0.21319
2962	-0.30649
2963	-6.2329e-002
2964	-8.4084e-002
2965	-0.14373
2966	-1.5432e-002
2967	-2.2595e-002
2968	-5.7155e-002
2969	9.9141e-003
2970	8.8942e-003
2971	-9.6626e-003
2972	2.4426e-002
2973	2.358e-002
2974	1.5099e-002
2975	3.2986e-002
2976	2.977e-002
2977	2.7853e-002
2978	3.9568e-002
2979	3.2979e-002
2980	3.5399e-002
2981	4.8622e-002
2982	3.7678e-002
2983	4.3341e-002
2984	4.6521e-002
2985	5.6054e-002
2986	6.4178e-002
2987	-0.73223
2988	-0.96154
2989	-1.0847
2990	-1.3347
2991	-0.33235
2992	-0.43666
2993	-0.58502
2994	-0.14008
2995	-0.18498
2996	-0.28582
2997	-4.2224e-002
2998	-5.2186e-002
2999	-0.11535
3000	2.5365e-003
3001	1.5116e-003
3002	-3.2271e-002
3003	2.2017e-002
3004	2.3074e-002
3005	7.8675e-003
3006	2.8391e-002
3007	2.8627e-002
3008	2.3968e-002
3009	2.9578e-002
3010	2.7673e-002
3011	2.8966e-002
3012	3.075e-002
3013	2.5422e-002
3014	3.0117e-002
3015	3.5302e-002
3016	2.568e-002
3017	3.2682e-002
3018	3.1004e-002
3019	4.0529e-002
3020	4.2587e-002
3021	-0.7042
3022	-0.76951
3023	-0.96154
3024	-1.2941
3025	-0.2751
3026	-0.24285
3027	-0.43666
3028	-8.6545e-002
3029	-9.4814e-002
3030	-0.18498
3031	-4.9992e-003
3032	-4.1012e-003
3033	-5.2186e-002
3034	2.2563e-002
3035	2.2813e-002
3036	1.5116e-003
3037	2.9608e-002
3038	2.9989e-002
3039	2.3074e-002
3040	2.8076e-002
3041	2.8139e-002
3042	2.8627e-002
3043	2.4115e-002
3044	2.3573e-002
3045	2.7673e-002
3046	2.0816e-002
3047	1.9551e-002
3048	2.5422e-002
3049	2.1512e-002
3050	1.8664e-002
3051	2.568e-002
3052	2.1902e-002
3053	3.1004e-002
3054	2.4127e-002
3055	-0.35481
3056	-0.57923
3057	-0.9412
3058	-2.4456e-002
3059	-5.4841e-002
3060	-7.444e-002
3061	-5.6715e-002
3062	-8.295e-003
3063	-4.6816e-002
3064	2.0849e-003
3065	2.3972e-002
3066	5.2951e-003
3067	1.238e-002
3068	3.0203e-002
3069	2.0965e-002
3070	2.5077e-002
3071	2.9028e-002
3072	2.8606e-002
3073	2.6826e-002
3074	2.4696e-002
3075	2.9291e-002
3076	2.4532e-002
3077	2.0449e-002
3078	2.6994e-002
3079	2.057e-002
3080	1.8396e-002
3081	2.4713e-002
3082	1.7434e-002
3083	1.9256e-002
3084	2.4945e-002
3085	1.6838e-002
3086	2.8206e-002
3087	1.8198e-002
3088	1.906e-002
3089	-0.35814
3090	-0.77947
3091	-0.57775
3092	-0.92791
3093	-2.518e-002
3094	-7.146e-002
3095	-0.26797
3096	-8.2123e-002
3097	-7.0376e-002
3098	-3.0001e-002
3099	-0.13042
3100	-5.6667e-002
3101	-4.3972e-003
3102	3.2182e-003
3103	-3.8593e-002
3104	-1.0189e-002
3105	-3.9488e-003
3106	1.8628e-002
3107	1.0412e-003
3108	5.7672e-003
3109	1.4231e-002
3110	2.8318e-002
3111	2.1291e-002
3112	2.0386e-002
3113	3.0347e-002
3114	3.1477e-002
3115	2.8831e-002
3116	3.0861e-002
3117	3.5889e-002
3118	3.1135e-002
3119	3.0214e-002
3120	3.4657e-002
3121	3.4359e-002
3122	3.0993e-002
3123	3.0005e-002
3124	3.5169e-002
3125	3.1122e-002
3126	3.3701e-002
3127	3.1898e-002
3128	3.703e-002
3129	3.0153e-002
3130	3.7403e-002
3131	4.357e-002
3132	3.9033e-002
3133	3.3773e-002
3134	-0.73223
3135	-1.0847
3136	-0.97918
3137	-1.3347
3138	-0.33235
3139	-0.58502
3140	-0.4523
3141	-0.14008
3142	-0.28582
3143	-0.21319
3144	-4.2224e-002
3145	-0.11535
3146	-8.4084e-002
3147	2.5366e-003
3148	-3.2271e-002
3149	-2.2595e-002
3150	2.2017e-002
3151	7.8676e-003
3152	8.8943e-003
3153	2.8391e-002
3154	2.3968e-002
3155	2.358e-002
3156	2.9578e-002
3157	2.8966e-002
3158	2.977e-002
3159	3.075e-002
3160	3.0117e-002
3161	3.2979e-002
3162	3.5302e-002
3163	3.2682e-002
3164	3.7678e-002
3165	4.0529e-002
3166	4.6521e-002
3167	4.2587e-002
3168	-0.95451
3169	-1.1965
3170	-1.1965
3171	-1.4327
3172	-0.53406
3173	-0.7224
3174	-0.7224
3175	-0.25366
3176	-0.38132
3177	-0.38132
3178	-0.10254
3179	-0.17842
3180	-0.17842
3181	-2.6503e-002
3182	-6.9158e-002
3183	-6.9158e-002
3184	9.738e-003
3185	-1.1532e-002
3186	-1.1532e-002
3187	2.4706e-002
3188	1.559e-002
3189	1.559e-002
3190	3.0126e-002
3191	2.7359e-002
3192	2.7359e-002
3193	3.2774e-002
3194	3.276e-002
3195	3.276e-002
3196	3.7394e-002
3197	3.8415e-002
3198	3.8415e-002
3199	4.9862e-002
3200	4.9862e-002
3201	4.9754e-002
3202	-0.97092
3203	-1.2068
3204	-1.2629
3205	-1.474
3206	-0.56226
3207	-0.72699
3208	-0.80236
3209	-0.29502
3210	-0.39834
3211	-0.45903
3212	-0.13893
3213	-0.20115
3214	-0.23832
3215	-5.2054e-002
3216	-9.0361e-002
3217	-0.10749
3218	-5.355e-003
3219	-2.7944e-002
3220	-3.3609e-002
3221	1.8192e-002
3222	5.4984e-003
3223	4.9368e-003
3224	3.026e-002
3225	2.3951e-002
3226	2.4143e-002
3227	3.8947e-002
3228	3.5702e-002
3229	3.4538e-002
3230	5.0555e-002
3231	4.701e-002
3232	4.4126e-002
3233	6.3415e-002
3234	5.9489e-002
3235	6.97e-002
3236	-0.97155
3237	-1.2078
3238	-1.2686
3239	-1.4831
3240	-0.56722
3241	-0.72842
3242	-0.80597
3243	-0.30484
3244	-0.40289
3245	-0.46984
3246	-0.15109
3247	-0.20757
3248	-0.25345
3249	-6.4641e-002
3250	-9.7755e-002
3251	-0.12332
3252	-1.6609e-002
3253	-3.5785e-002
3254	-4.7357e-002
3255	1.0566e-002
3256	-2.4533e-003
3257	-4.887e-003
3258	2.9148e-002
3259	1.9953e-002
3260	1.9784e-002
3261	4.3619e-002
3262	3.7175e-002
3263	3.6157e-002
3264	5.9743e-002
3265	5.1568e-002
3266	5.08e-002
3267	7.1143e-002
3268	7.0932e-002
3269	8.575e-002
3270	-0.97158
3271	-1.2078
3272	-1.2693
3273	-1.4852
3274	-0.56819
3275	-0.72842
3276	-0.80671
3277	-0.30694
3278	-0.40289
3279	-0.47189
3280	-0.1539
3281	-0.20757
3282	-0.25649
3283	-6.7896e-002
3284	-9.7755e-002
3285	-0.1269
3286	-2.0445e-002
3287	-3.5785e-002
3288	-5.1245e-002
3289	4.8356e-003
3290	-2.4533e-003
3291	-9.4378e-003
3292	2.8308e-002
3293	1.9953e-002
3294	1.6472e-002
3295	4.5208e-002
3296	3.7175e-002
3297	3.6677e-002
3298	6.2975e-002
3299	5.1568e-002
3300	5.3111e-002
3301	7.1143e-002
3302	7.5056e-002
3303	9.1535e-002
3304	-0.97155
3305	-1.2068
3306	-1.2686
3307	-1.4831
3308	-0.56722
3309	-0.72699
3310	-0.80597
3311	-0.30484
3312	-0.39834
3313	-0.46984
3314	-0.15109
3315	-0.20115
3316	-0.25345
3317	-6.4641e-002
3318	-9.0361e-002
3319	-0.12332
3320	-1.6608e-002
3321	-2.7944e-002
3322	-4.7357e-002
3323	1.0566e-002
3324	5.4985e-003
3325	-4.887e-003
3326	2.9148e-002
3327	2.3951e-002
3328	1.9784e-002
3329	4.3619e-002
3330	3.5702e-002
3331	3.6157e-002
3332	5.9743e-002
3333	4.701e-002
3334	5.08e-002
3335	6.3415e-002
3336	7.0932e-002
3337	8.575e-002
3338	-0.97092
3339	-1.1965
3340	-1.2629
3341	-1.474
3342	-0.56226
3343	-0.7224
3344	-0.80236
3345	-0.29502
3346	-0.38132
3347	-0.45903
3348	-0.13893
3349	-0.17842
3350	-0.23832
3351	-5.2054e-002
3352	-6.9158e-002
3353	-0.10749
3354	-5.355e-003
3355	-1.1532e-002
3356	-3.3609e-002
3357	1.8192e-002
3358	1.559e-002
3359	4.9367e-003
3360	3.026e-002
3361	2.7359e-002
3362	2.4143e-002
3363	3.8947e-002
3364	3.276e-002
3365	3.4538e-002
3366	5.0555e-002
3367	3.8415e-002
3368	4.4126e-002
3369	4.9862e-002
3370	5.9489e-002
3371	6.97e-002
3372	-0.95451
3373	-1.0847
3374	-1.1965
3375	-1.4327
3376	-0.53406
3377	-0.58502
3378	-0.7224
3379	-0.25366
3380	-0.28582
3381	-0.38132
3382	-0.10254
3383	-0.11535
3384	-0.17842
3385	-2.6504e-002
3386	-3.2271e-002
3387	-6.9158e-002
3388	9.738e-003
3389	7.8675e-003
3390	-1.1532e-002
3391	2.4706e-002
3392	2.3968e-002
3393	1.559e-002
3394	3.0126e-002
3395	2.8966e-002
3396	2.7359e-002
3397	3.2774e-002
3398	3.0117e-002
3399	3.276e-002
3400	3.7394e-002
3401	3.2682e-002
3402	3.8415e-002
3403	4.0529e-002
3404	4.9862e-002
3405	4.9754e-002
3406	-0.73223
3407	-0.77947
3408	-0.97918
3409	-1.3347
3410	-0.33235
3411	-0.26797
3412	-0.4523
3413	-0.14008
3414	-0.13042
3415	-0.21319
3416	-4.2224e-002
3417	-3.8593e-002
3418	-8.4084e-002
3419	2.5365e-003
3420	1.0412e-003
3421	-2.2595e-002
3422	2.2017e-002
3423	2.1291e-002
3424	8.8942e-003
3425	2.8391e-002
3426	2.8831e-002
3427	2.358e-002
3428	2.9578e-002
3429	3.0214e-002
3430	2.977e-002
3431	3.075e-002
3432	3.0005e-002
3433	3.2979e-002
3434	3.5302e-002
3435	3.1898e-002
3436	3.7678e-002
3437	3.7403e-002
3438	4.6521e-002
3439	4.2587e-002
3440	-0.35814
3441	-0.57775
3442	-0.92791
3443	-2.518e-002
3444	-7.1459e-002
3445	-8.2123e-002
3446	-7.0376e-002
3447	-3.0001e-002
3448	-5.6667e-002
3449	-4.3971e-003
3450	3.2181e-003
3451	-1.0189e-002
3452	-3.9487e-003
3453	1.8628e-002
3454	5.7672e-003
3455	1.4231e-002
3456	2.8318e-002
3457	2.0386e-002
3458	3.0347e-002
3459	3.1477e-002
3460	3.0861e-002
3461	3.5889e-002
3462	3.1135e-002
3463	3.4657e-002
3464	3.4359e-002
3465	3.0993e-002
3466	3.5169e-002
3467	3.1122e-002
3468	3.3701e-002
3469	3.703e-002
3470	3.0153e-002
3471	4.357e-002
3472	3.9033e-002
3473	3.3773e-002
3474	-0.35514
3475	-0.77839
3476	-0.57644
3477	-0.93015
3478	-2.5294e-002
3479	-7.2553e-002
3480	-0.26807
3481	-8.1247e-002
3482	-6.9378e-002
3483	-3.6844e-002
3484	-0.13926
3485	-5.9776e-002
3486	-5.8443e-003
3487	-7.5371e-003
3488	-5.3384e-002
3489	-1.5884e-002
3490	-9.0151e-003
3491	5.499e-003
3492	-1.5395e-002
3493	-2.9355e-003
3494	2.9133e-003
3495	2.1158e-002
3496	7.7591e-003
3497	9.2368e-003
3498	2.5571e-002
3499	3.3774e-002
3500	2.4106e-002
3501	2.8561e-002
3502	4.1389e-002
3503	3.86e-002
3504	3.3477e-002
3505	3.8888e-002
3506	4.4044e-002
3507	4.107e-002
3508	3.7951e-002
3509	4.2376e-002
3510	4.1882e-002
3511	4.6784e-002
3512	4.2798e-002
3513	4.6133e-002
3514	4.1355e-002
3515	5.2728e-002
3516	5.6463e-002
3517	6.013e-002
3518	4.7953e-002
3519	-0.73032
3520	-1.0946
3521	-0.97958
3522	-1.3521
3523	-0.33914
3524	-0.58944
3525	-0.45349
3526	-0.15666
3527	-0.30649
3528	-0.22112
3529	-6.2329e-002
3530	-0.14373
3531	-9.6315e-002
3532	-1.5432e-002
3533	-5.7155e-002
3534	-3.6258e-002
3535	9.9142e-003
3536	-9.6626e-003
3537	-4.2951e-003
3538	2.4426e-002
3539	1.5099e-002
3540	1.5121e-002
3541	3.2986e-002
3542	2.7853e-002
3543	2.918e-002
3544	3.9568e-002
3545	3.5399e-002
3546	3.8167e-002
3547	4.8622e-002
3548	4.3341e-002
3549	4.6551e-002
3550	5.6054e-002
3551	5.9872e-002
3552	6.4178e-002
3553	-0.97092
3554	-1.2629
3555	-1.2068
3556	-1.474
3557	-0.56226
3558	-0.80236
3559	-0.72699
3560	-0.29502
3561	-0.45903
3562	-0.39834
3563	-0.13893
3564	-0.23832
3565	-0.20115
3566	-5.2054e-002
3567	-0.10749
3568	-9.0361e-002
3569	-5.355e-003
3570	-3.3609e-002
3571	-2.7944e-002
3572	1.8192e-002
3573	4.9368e-003
3574	5.4985e-003
3575	3.026e-002
3576	2.4143e-002
3577	2.3951e-002
3578	3.8947e-002
3579	3.4538e-002
3580	3.5702e-002
3581	5.0555e-002
3582	4.4126e-002
3583	4.701e-002
3584	5.9489e-002
3585	6.3415e-002
3586	6.97e-002
3587	-1.0969
3588	-1.3227
3589	-1.3227
3590	-1.5493
3591	-0.69625
3592	-0.88039
3593	-0.88039
3594	-0.39626
3595	-0.53132
3596	-0.53132
3597	-0.20302
3598	-0.29252
3599	-0.29252
3600	-8.7594e-002
3601	-0.14254
3602	-0.14254
3603	-2.3118e-002
3604	-5.4404e-002
3605	-5.4404e-002
3606	1.0814e-002
3607	-5.8045e-003
3608	-5.8045e-003
3609	2.8578e-002
3610	2.0043e-002
3611	2.0043e-002
3612	4.0092e-002
3613	3.4916e-002
3614	3.4916e-002
3615	5.2692e-002
3616	4.7898e-002
3617	4.7898e-002
3618	6.6933e-002
3619	6.6933e-002
3620	7.6279e-002
3621	-1.1061
3622	-1.3271
3623	-1.3587
3624	-1.5709
3625	-0.71109
3626	-0.88328
3627	-0.92485
3628	-0.41959
3629	-0.53903
3630	-0.57765
3631	-0.22595
3632	-0.30308
3633	-0.33107
3634	-0.10613
3635	-0.15351
3636	-0.17011
3637	-3.6036e-002
3638	-6.4174e-002
3639	-7.1962e-002
3640	3.4759e-003
3641	-1.3404e-002
3642	-1.5493e-002
3643	2.6469e-002
3644	1.5764e-002
3645	1.6036e-002
3646	4.3208e-002
3647	3.5364e-002
3648	3.5101e-002
3649	6.193e-002
3650	5.2295e-002
3651	5.1574e-002
3652	7.4822e-002
3653	7.4099e-002
3654	9.1695e-002
3655	-1.1067
3656	-1.3271
3657	-1.3603
3658	-1.5742
3659	-0.71281
3660	-0.88328
3661	-0.92616
3662	-0.42271
3663	-0.53903
3664	-0.5806
3665	-0.22986
3666	-0.30308
3667	-0.33524
3668	-0.1103
3669	-0.15351
3670	-0.17473
3671	-4.0207e-002
3672	-6.4174e-002
3673	-7.6459e-002
3674	-7.274e-004
3675	-1.3404e-002
3676	-1.9579e-002
3677	2.4841e-002
3678	1.5764e-002
3679	1.2767e-002
3680	4.4581e-002
3681	3.5364e-002
3682	3.5273e-002
3683	6.5192e-002
3684	5.2295e-002
3685	5.3838e-002
3686	7.4822e-002
3687	7.8302e-002
3688	9.7634e-002
3689	-1.1061
3690	-1.3227
3691	-1.3587
3692	-1.5709
3693	-0.71109
3694	-0.88039
3695	-0.92485
3696	-0.41959
3697	-0.53132
3698	-0.57765
3699	-0.22595
3700	-0.29252
3701	-0.33107
3702	-0.10613
3703	-0.14254
3704	-0.17011
3705	-3.6037e-002
3706	-5.4404e-002
3707	-7.1962e-002
3708	3.4759e-003
3709	-5.8046e-003
3710	-1.5493e-002
3711	2.6469e-002
3712	2.0043e-002
3713	1.6036e-002
3714	4.3208e-002
3715	3.4916e-002
3716	3.5101e-002
3717	6.193e-002
3718	4.7898e-002
3719	5.1574e-002
3720	6.6933e-002
3721	7.4099e-002
3722	9.1695e-002
3723	-1.0969
3724	-1.2629
3725	-1.3227
3726	-1.5493
3727	-0.69625
3728	-0.80236
3729	-0.88039
3730	-0.39626
3731	-0.45903
3732	-0.53132
3733	-0.20302
3734	-0.23832
3735	-0.29252
3736	-8.7594e-002
3737	-0.10749
3738	-0.14254
3739	-2.3118e-002
3740	-3.3609e-002
3741	-5.4404e-002
3742	1.0814e-002
3743	4.9367e-003
3744	-5.8045e-003
3745	2.8578e-002
3746	2.4143e-002
3747	2.0043e-002
3748	4.0092e-002
3749	3.4538e-002
3750	3.4916e-002
3751	5.2692e-002
3752	4.4126e-002
3753	4.7898e-002
3754	5.9489e-002
3755	6.6933e-002
3756	7.6279e-002
3757	-0.97092
3758	-1.0946
3759	-1.2068
3760	-1.474
3761	-0.56226
3762	-0.58944
3763	-0.72699
3764	-0.29502
3765	-0.30649
3766	-0.39834
3767	-0.13893
3768	-0.14373
3769	-0.20115
3770	-5.2054e-002
3771	-5.7155e-002
3772	-9.0361e-002
3773	-5.355e-003
3774	-9.6626e-003
3775	-2.7944e-002
3776	1.8192e-002
3777	1.5099e-002
3778	5.4984e-003
3779	3.026e-002
3780	2.7853e-002
3781	2.3951e-002
3782	3.8947e-002
3783	3.5399e-002
3784	3.5702e-002
3785	5.0555e-002
3786	4.3341e-002
3787	4.701e-002
3788	5.6054e-002
3789	6.3415e-002
3790	6.97e-002
3791	-0.73032
3792	-0.77839
3793	-0.97958
3794	-1.3521
3795	-0.33914
3796	-0.26807
3797	-0.45349
3798	-0.15666
3799	-0.13926
3800	-0.22112
3801	-6.2329e-002
3802	-5.3384e-002
3803	-9.6315e-002
3804	-1.5432e-002
3805	-1.5395e-002
3806	-3.6258e-002
3807	9.9141e-003
3808	7.759e-003
3809	-4.2951e-003
3810	2.4426e-002
3811	2.4106e-002
3812	1.5121e-002
3813	3.2986e-002
3814	3.3477e-002
3815	2.918e-002
3816	3.9568e-002
3817	3.7951e-002
3818	3.8167e-002
3819	4.8622e-002
3820	4.2799e-002
3821	4.6551e-002
3822	5.2728e-002
3823	5.9872e-002
3824	6.4178e-002
3825	-0.35514
3826	-0.57644
3827	-0.93015
3828	-2.5294e-002
3829	-7.2553e-002
3830	-8.1247e-002
3831	-6.9378e-002
3832	-3.6844e-002
3833	-5.9776e-002
3834	-5.8443e-003
3835	-7.5371e-003
3836	-1.5884e-002
3837	-9.0151e-003
3838	5.499e-003
3839	-2.9355e-003
3840	2.9133e-003
3841	2.1158e-002
3842	9.2368e-003
3843	2.5571e-002
3844	3.3774e-002
3845	2.8561e-002
3846	4.1389e-002
3847	3.86e-002
3848	3.8888e-002
3849	4.4044e-002
3850	4.107e-002
3851	4.2376e-002
3852	4.1882e-002
3853	4.6784e-002
3854	4.6133e-002
3855	4.1355e-002
3856	5.6463e-002
3857	6.013e-002
3858	4.7953e-002
3859	-0.35426
3860	-0.77758
3861	-0.5761
3862	-0.92969
3863	-2.4824e-002
3864	-7.3396e-002
3865	-0.26843
3866	-8.116e-002
3867	-6.9689e-002
3868	-3.9168e-002
3869	-0.14243
3870	-6.0823e-002
3871	-6.8147e-003
3872	-1.1179e-002
3873	-5.821e-002
3874	-1.7557e-002
3875	-1.0297e-002
3876	-1.2943e-003
3877	-2.2357e-002
3878	-5.9221e-003
3879	-6.9108e-004
3880	1.2249e-002
3881	-2.4776e-003
3882	1.3743e-003
3883	1.8639e-002
3884	3.3574e-002
3885	1.7338e-002
3886	2.5886e-002
3887	4.2861e-002
3888	4.2691e-002
3889	3.4291e-002
3890	4.0575e-002
3891	4.9229e-002
3892	4.7416e-002
3893	4.2592e-002
3894	4.5952e-002
3895	4.8389e-002
3896	5.5782e-002
3897	4.9901e-002
3898	5.0989e-002
3899	4.8699e-002
3900	6.3634e-002
3901	6.3751e-002
3902	7.529e-002
3903	5.8078e-002
3904	-0.72924
3905	-1.0954
3906	-0.9793
3907	-1.3562
3908	-0.34153
3909	-0.59103
3910	-0.45386
3911	-0.16208
3912	-0.31258
3913	-0.22362
3914	-6.9696e-002
3915	-0.15262
3916	-0.10017
3917	-2.4504e-002
3918	-6.7746e-002
3919	-4.1285e-002
3920	-4.5992e-004
3921	-2.0996e-002
3922	-1.1019e-002
3923	1.8414e-002
3924	5.416e-003
3925	6.3408e-003
3926	3.4225e-002
3927	2.5013e-002
3928	2.777e-002
3929	4.5044e-002
3930	3.8512e-002
3931	4.0632e-002
3932	5.7723e-002
3933	5.0236e-002
3934	5.1237e-002
3935	6.7276e-002
3936	6.7417e-002
3937	7.9805e-002
3938	-0.97155
3939	-1.2686
3940	-1.2078
3941	-1.4831
3942	-0.56722
3943	-0.80597
3944	-0.72842
3945	-0.30484
3946	-0.46984
3947	-0.40289
3948	-0.15109
3949	-0.25345
3950	-0.20757
3951	-6.4641e-002
3952	-0.12332
3953	-9.7755e-002
3954	-1.6608e-002
3955	-4.7357e-002
3956	-3.5785e-002
3957	1.0566e-002
3958	-4.887e-003
3959	-2.4533e-003
3960	2.9148e-002
3961	1.9784e-002
3962	1.9953e-002
3963	4.3619e-002
3964	3.6157e-002
3965	3.7175e-002
3966	5.9743e-002
3967	5.08e-002
3968	5.1568e-002
3969	7.0932e-002
3970	7.1143e-002
3971	8.575e-002
3972	-1.1061
3973	-1.3587
3974	-1.3271
3975	-1.5709
3976	-0.71109
3977	-0.92485
3978	-0.88328
3979	-0.41959
3980	-0.57765
3981	-0.53903
3982	-0.22595
3983	-0.33107
3984	-0.30308
3985	-0.10613
3986	-0.17011
3987	-0.15351
3988	-3.6037e-002
3989	-7.1962e-002
3990	-6.4174e-002
3991	3.4759e-003
3992	-1.5493e-002
3993	-1.3404e-002
3994	2.6469e-002
3995	1.6036e-002
3996	1.5764e-002
3997	4.3208e-002
3998	3.5101e-002
3999	3.5364e-002
4000	6.193e-002
4001	5.1574e-002
4002	5.2295e-002
4003	7.4099e-002
4004	7.4822e-002
4005	9.1695e-002
4006	-1.1759
4007	-1.3891
4008	-1.3891
4009	-1.6122
4010	-0.78981
4011	-0.96621
4012	-0.96621
4013	-0.48658
4014	-0.61924
4015	-0.61924
4016	-0.27302
4017	-0.36407
4018	-0.36407
4019	-0.13461
4020	-0.19253
4021	-0.19253
4022	-5.096e-002
4023	-8.5521e-002
4024	-8.5521e-002
4025	-2.9711e-003
4026	-2.2725e-002
4027	-2.2725e-002
4028	2.4621e-002
4029	1.2932e-002
4030	1.2932e-002
4031	4.3598e-002
4032	3.468e-002
4033	3.468e-002
4034	6.3739e-002
4035	5.3054e-002
4036	5.3054e-002
4037	7.7555e-002
4038	7.7555e-002
4039	9.624e-002
4040	-1.1786
4041	-1.3891
4042	-1.4011
4043	-1.6191
4044	-0.79405
4045	-0.96621
4046	-0.98086
4047	-0.49347
4048	-0.61924
4049	-0.63404
4050	-0.2803
4051	-0.36407
4052	-0.37648
4053	-0.14093
4054	-0.19253
4055	-0.20155
4056	-5.5796e-002
4057	-8.5521e-002
4058	-9.1352e-002
4059	-6.2816e-003
4060	-2.2725e-002
4061	-2.6119e-002
4062	2.3199e-002
4063	1.2932e-002
4064	1.1233e-002
4065	4.453e-002
4066	3.468e-002
4067	3.4743e-002
4068	6.6947e-002
4069	5.3054e-002
4070	5.4364e-002
4071	7.7555e-002
4072	8.0195e-002
4073	0.10205
4074	-1.1759
4075	-1.3587
4076	-1.3891
4077	-1.6122
4078	-0.78981
4079	-0.92485
4080	-0.96621
4081	-0.48658
4082	-0.57765
4083	-0.61924
4084	-0.27302
4085	-0.33107
4086	-0.36407
4087	-0.13461
4088	-0.17011
4089	-0.19253
4090	-5.096e-002
4091	-7.1962e-002
4092	-8.5521e-002
4093	-2.9711e-003
4094	-1.5493e-002
4095	-2.2725e-002
4096	2.4621e-002
4097	1.6036e-002
4098	1.2932e-002
4099	4.3598e-002
4100	3.5101e-002
4101	3.468e-002
4102	6.3739e-002
4103	5.1574e-002
4104	5.3054e-002
4105	7.4099e-002
4106	7.7555e-002
4107	9.624e-002
4108	-1.1061
4109	-1.2686
4110	-1.3271
4111	-1.5709
4112	-0.71109
4113	-0.80597
4114	-0.88328
4115	-0.41959
4116	-0.46984
4117	-0.53903
4118	-0.22595
4119	-0.25345
4120	-0.30308
4121	-0.10613
4122	-0.12332
4123	-0.15351
4124	-3.6037e-002
4125	-4.7357e-002
4126	-6.4174e-002
4127	3.4759e-003
4128	-4.887e-003
4129	-1.3404e-002
4130	2.6469e-002
4131	1.9784e-002
4132	1.5764e-002
4133	4.3208e-002
4134	3.6157e-002
4135	3.5364e-002
4136	6.193e-002
4137	5.08e-002
4138	5.2295e-002
4139	7.0932e-002
4140	7.4822e-002
4141	9.1695e-002
4142	-0.97155
4143	-1.0954
4144	-1.2078
4145	-1.4831
4146	-0.56722
4147	-0.59103
4148	-0.72842
4149	-0.30484
4150	-0.31258
4151	-0.40289
4152	-0.15109
4153	-0.15262
4154	-0.20757
4155	-6.4641e-002
4156	-6.7746e-002
4157	-9.7755e-002
4158	-1.6609e-002
4159	-2.0996e-002
4160	-3.5785e-002
4161	1.0566e-002
4162	5.416e-003
4163	-2.4533e-003
4164	2.9148e-002
4165	2.5013e-002
4166	1.9953e-002
4167	4.3619e-002
4168	3.8512e-002
4169	3.7175e-002
4170	5.9743e-002
4171	5.0236e-002
4172	5.1568e-002
4173	6.7276e-002
4174	7.1143e-002
4175	8.575e-002
4176	-0.72924
4177	-0.77758
4178	-0.9793
4179	-1.3562
4180	-0.34153
4181	-0.26843
4182	-0.45386
4183	-0.16208
4184	-0.14243
4185	-0.22362
4186	-6.9696e-002
4187	-5.821e-002
4188	-0.10017
4189	-2.4504e-002
4190	-2.2358e-002
4191	-4.1285e-002
4192	-4.5994e-004
4193	-2.4777e-003
4194	-1.102e-002
4195	1.8414e-002
4196	1.7338e-002
4197	6.3408e-003
4198	3.4225e-002
4199	3.4291e-002
4200	2.777e-002
4201	4.5044e-002
4202	4.2592e-002
4203	4.0632e-002
4204	5.7723e-002
4205	4.9901e-002
4206	5.1237e-002
4207	6.3634e-002
4208	6.7417e-002
4209	7.9805e-002
4210	-0.35426
4211	-0.5761
4212	-0.92969
4213	-2.4824e-002
4214	-7.3396e-002
4215	-8.116e-002
4216	-6.9689e-002
4217	-3.9168e-002
4218	-6.0823e-002
4219	-6.8146e-003
4220	-1.1179e-002
4221	-1.7557e-002
4222	-1.0297e-002
4223	-1.2943e-003
4224	-5.9221e-003
4225	-6.9109e-004
4226	1.2249e-002
4227	1.3742e-003
4228	1.8639e-002
4229	3.3574e-002
4230	2.5886e-002
4231	4.2861e-002
4232	4.2691e-002
4233	4.0575e-002
4234	4.9229e-002
4235	4.7416e-002
4236	4.5952e-002
4237	4.8389e-002
4238	5.5782e-002
4239	5.0989e-002
4240	4.8699e-002
4241	6.3751e-002
4242	7.529e-002
4243	5.8078e-002
4244	-0.35409
4245	-0.77756
4246	-0.5761
4247	-0.92987
4248	-2.4972e-002
4249	-7.3428e-002
4250	-0.26838
4251	-8.116e-002
4252	-6.9709e-002
4253	-3.958e-002
4254	-0.14297
4255	-6.0823e-002
4256	-6.828e-003
4257	-1.2018e-002
4258	-5.93e-002
4259	-1.7557e-002
4260	-1.0517e-002
4261	-3.024e-003
4262	-2.4099e-002
4263	-5.9221e-003
4264	-1.3685e-003
4265	6.3708e-003
4266	-5.8521e-003
4267	1.3743e-003
4268	1.5356e-002
4269	3.3173e-002
4270	1.3348e-002
4271	2.5886e-002
4272	4.2973e-002
4273	4.3956e-002
4274	3.4307e-002
4275	4.0575e-002
4276	5.0794e-002
4277	4.9567e-002
4278	4.4091e-002
4279	4.5952e-002
4280	5.0533e-002
4281	5.8975e-002
4282	5.2357e-002
4283	5.0989e-002
4284	5.1241e-002
4285	6.756e-002
4286	6.3751e-002
4287	8.076e-002
4288	6.1734e-002
4289	-0.72894
4290	-1.0957
4291	-0.9793
4292	-1.3575
4293	-0.34192
4294	-0.59125
4295	-0.45386
4296	-0.16324
4297	-0.3138
4298	-0.22362
4299	-7.1483e-002
4300	-0.15466
4301	-0.10017
4302	-2.694e-002
4303	-7.0407e-002
4304	-4.1285e-002
4305	-4.4825e-003
4306	-2.4407e-002
4307	-1.102e-002
4308	1.4482e-002
4309	-5.3322e-004
4310	6.3408e-003
4311	3.4442e-002
4312	2.3267e-002
4313	2.777e-002
4314	4.6881e-002
4315	3.9482e-002
4316	4.0632e-002
4317	6.0941e-002
4318	5.2606e-002
4319	5.1237e-002
4320	7.131e-002
4321	6.7417e-002
4322	8.5439e-002
4323	-0.97158
4324	-1.2693
4325	-1.2078
4326	-1.4852
4327	-0.56819
4328	-0.80671
4329	-0.72842
4330	-0.30694
4331	-0.47189
4332	-0.40289
4333	-0.1539
4334	-0.25649
4335	-0.20757
4336	-6.7896e-002
4337	-0.1269
4338	-9.7755e-002
4339	-2.0445e-002
4340	-5.1245e-002
4341	-3.5785e-002
4342	4.8356e-003
4343	-9.4377e-003
4344	-2.4533e-003
4345	2.8308e-002
4346	1.6472e-002
4347	1.9953e-002
4348	4.5208e-002
4349	3.6677e-002
4350	3.7175e-002
4351	6.2975e-002
4352	5.3111e-002
4353	5.1568e-002
4354	7.5056e-002
4355	7.1143e-002
4356	9.1535e-002
4357	-1.1067
4358	-1.3603
4359	-1.3271
4360	-1.5742
4361	-0.71281
4362	-0.92616
4363	-0.88328
4364	-0.42271
4365	-0.5806
4366	-0.53903
4367	-0.22986
4368	-0.33524
4369	-0.30308
4370	-0.1103
4371	-0.17473
4372	-0.15351
4373	-4.0207e-002
4374	-7.6459e-002
4375	-6.4174e-002
4376	-7.274e-004
4377	-1.9579e-002
4378	-1.3404e-002
4379	2.4841e-002
4380	1.2767e-002
4381	1.5764e-002
4382	4.4581e-002
4383	3.5273e-002
4384	3.5364e-002
4385	6.5192e-002
4386	5.3838e-002
4387	5.2295e-002
4388	7.8302e-002
4389	7.4822e-002
4390	9.7634e-002
4391	-1.1786
4392	-1.4011
4393	-1.3891
4394	-1.6191
4395	-0.79405
4396	-0.98086
4397	-0.96621
4398	-0.49347
4399	-0.63404
4400	-0.61924
4401	-0.2803
4402	-0.37648
4403	-0.36407
4404	-0.14093
4405	-0.20155
4406	-0.19253
4407	-5.5796e-002
4408	-9.1352e-002
4409	-8.5521e-002
4410	-6.2816e-003
4411	-2.6119e-002
4412	-2.2725e-002
4413	2.3199e-002
4414	1.1233e-002
4415	1.2932e-002
4416	4.453e-002
4417	3.4743e-002
4418	3.468e-002
4419	6.6947e-002
4420	5.4364e-002
4421	5.3054e-002
4422	8.0195e-002
4423	7.7555e-002
4424	0.10205
4425	-1.2011
4426	-1.4011
4427	-1.4011
4428	-1.6335
4429	-0.8199
4430	-0.98086
4431	-0.98086
4432	-0.51683
4433	-0.63404
4434	-0.63404
4435	-0.29773
4436	-0.37648
4437	-0.37648
4438	-0.15196
4439	-0.20155
4440	-0.20155
4441	-6.1637e-002
4442	-9.1352e-002
4443	-9.1352e-002
4444	-8.5459e-003
4445	-2.6119e-002
4446	-2.6119e-002
4447	2.2733e-002
4448	1.1233e-002
4449	1.1233e-002
4450	4.4576e-002
4451	3.4743e-002
4452	3.4743e-002
4453	6.7612e-002
4454	5.4364e-002
4455	5.4364e-002
4456	8.0195e-002
4457	8.0195e-002
4458	0.10366
4459	-1.1786
4460	-1.3603
4461	-1.3891
4462	-1.6191
4463	-0.79405
4464	-0.92616
4465	-0.96621
4466	-0.49347
4467	-0.5806
4468	-0.61924
4469	-0.2803
4470	-0.33524
4471	-0.36407
4472	-0.14093
4473	-0.17473
4474	-0.19253
4475	-5.5796e-002
4476	-7.6459e-002
4477	-8.5521e-002
4478	-6.2816e-003
4479	-1.9579e-002
4480	-2.2725e-002
4481	2.3199e-002
4482	1.2767e-002
4483	1.2932e-002
4484	4.453e-002
4485	3.5273e-002
4486	3.468e-002
4487	6.6947e-002
4488	5.3838e-002
4489	5.3054e-002
4490	7.8302e-002
4491	7.7555e-002
4492	0.10205
4493	-1.1067
4494	-1.2693
4495	-1.3271
4496	-1.5742
4497	-0.71281
4498	-0.80671
4499	-0.88328
4500	-0.42271
4501	-0.47189
4502	-0.53903
4503	-0.22986
4504	-0.25649
4505	-0.30308
4506	-0.1103
4507	-0.1269
4508	-0.15351
4509	-4.0207e-002
4510	-5.1245e-002
4511	-6.4174e-002
4512	-7.2742e-004
4513	-9.4378e-003
4514	-1.3404e-002
4515	2.4841e-002
4516	1.6472e-002
4517	1.5764e-002
4518	4.4581e-002
4519	3.6677e-002
4520	3.5364e-002
4521	6.5192e-002
4522	5.3111e-002
4523	5.2295e-002
4524	7.5056e-002
4525	7.4822e-002
4526	9.7634e-002
4527	-0.97158
4528	-1.0957
4529	-1.2078
4530	-1.4852
4531	-0.56819
4532	-0.59125
4533	-0.72842
4534	-0.30694
4535	-0.3138
4536	-0.40289
4537	-0.1539
4538	-0.15466
4539	-0.20757
4540	-6.7896e-002
4541	-7.0407e-002
4542	-9.7755e-002
4543	-2.0445e-002
4544	-2.4407e-002
4545	-3.5785e-002
4546	4.8356e-003
4547	-5.3325e-004
4548	-2.4533e-003
4549	2.8308e-002
4550	2.3267e-002
4551	1.9953e-002
4552	4.5208e-002
4553	3.9482e-002
4554	3.7175e-002
4555	6.2975e-002
4556	5.2606e-002
4557	5.1568e-002
4558	7.131e-002
4559	7.1143e-002
4560	9.1535e-002
4561	-0.72894
4562	-0.77756
4563	-0.9793
4564	-1.3575
4565	-0.34192
4566	-0.26838
4567	-0.45386
4568	-0.16324
4569	-0.14297
4570	-0.22362
4571	-7.1483e-002
4572	-5.93e-002
4573	-0.10017
4574	-2.694e-002
4575	-2.4099e-002
4576	-4.1285e-002
4577	-4.4826e-003
4578	-5.8521e-003
4579	-1.102e-002
4580	1.4482e-002
4581	1.3348e-002
4582	6.3408e-003
4583	3.4442e-002
4584	3.4307e-002
4585	2.777e-002
4586	4.6881e-002
4587	4.4091e-002
4588	4.0632e-002
4589	6.0941e-002
4590	5.2357e-002
4591	5.1237e-002
4592	6.756e-002
4593	6.7417e-002
4594	8.5439e-002
4595	-0.35409
4596	-0.5761
4597	-0.92987
4598	-2.4972e-002
4599	-7.3428e-002
4600	-8.116e-002
4601	-6.9709e-002
4602	-3.958e-002
4603	-6.0823e-002
4604	-6.828e-003
4605	-1.2018e-002
4606	-1.7557e-002
4607	-1.0517e-002
4608	-3.024e-003
4609	-5.9221e-003
4610	-1.3685e-003
4611	6.3708e-003
4612	1.3742e-003
4613	1.5356e-002
4614	3.3173e-002
4615	2.5886e-002
4616	4.2973e-002
4617	4.3956e-002
4618	4.0575e-002
4619	5.0794e-002
4620	4.9567e-002
4621	4.5952e-002
4622	5.0533e-002
4623	5.8975e-002
4624	5.0989e-002
4625	5.1241e-002
4626	6.3751e-002
4627	8.076e-002
4628	6.1734e-002
4629	-0.35426
4630	-0.77758
4631	-0.57644
4632	-0.92969
4633	-2.4824e-002
4634	-7.3396e-002
4635	-0.26843
4636	-8.1247e-002
4637	-6.9689e-002
4638	-3.9168e-002
4639	-0.14243
4640	-5.9776e-002
4641	-6.8147e-003
4642	-1.1179e-002
4643	-5.821e-002
4644	-1.5884e-002
4645	-1.0297e-002
4646	-1.2943e-003
4647	-2.2357e-002
4648	-2.9355e-003
4649	-6.9105e-004
4650	1.2249e-002
4651	-2.4776e-003
4652	9.2368e-003
4653	1.8639e-002
4654	3.3574e-002
4655	1.7338e-002
4656	2.8561e-002
4657	4.2861e-002
4658	4.2691e-002
4659	3.4291e-002
4660	3.8888e-002
4661	4.9229e-002
4662	4.7416e-002
4663	4.2592e-002
4664	4.2376e-002
4665	4.8389e-002
4666	5.5782e-002
4667	4.9901e-002
4668	4.6133e-002
4669	4.8699e-002
4670	6.3634e-002
4671	5.6463e-002
4672	7.529e-002
4673	5.8078e-002
4674	-0.72924
4675	-1.0954
4676	-0.97958
4677	-1.3562
4678	-0.34153
4679	-0.59103
4680	-0.45349
4681	-0.16208
4682	-0.31258
4683	-0.22112
4684	-6.9696e-002
4685	-0.15262
4686	-9.6315e-002
4687	-2.4504e-002
4688	-6.7746e-002
4689	-3.6258e-002
4690	-4.5992e-004
4691	-2.0996e-002
4692	-4.2951e-003
4693	1.8414e-002
4694	5.416e-003
4695	1.5121e-002
4696	3.4225e-002
4697	2.5013e-002
4698	2.918e-002
4699	4.5044e-002
4700	3.8512e-002
4701	3.8167e-002
4702	5.7723e-002
4703	5.0236e-002
4704	4.6551e-002
4705	6.7276e-002
4706	5.9872e-002
4707	7.9805e-002
4708	-0.97155
4709	-1.2686
4710	-1.2068
4711	-1.4831
4712	-0.56722
4713	-0.80597
4714	-0.72699
4715	-0.30484
4716	-0.46984
4717	-0.39834
4718	-0.15109
4719	-0.25345
4720	-0.20115
4721	-6.4641e-002
4722	-0.12332
4723	-9.0361e-002
4724	-1.6608e-002
4725	-4.7357e-002
4726	-2.7944e-002
4727	1.0566e-002
4728	-4.887e-003
4729	5.4984e-003
4730	2.9148e-002
4731	1.9784e-002
4732	2.3951e-002
4733	4.3619e-002
4734	3.6157e-002
4735	3.5702e-002
4736	5.9743e-002
4737	5.08e-002
4738	4.701e-002
4739	7.0932e-002
4740	6.3415e-002
4741	8.575e-002
4742	-1.1061
4743	-1.3587
4744	-1.3227
4745	-1.5709
4746	-0.71109
4747	-0.92485
4748	-0.88039
4749	-0.41959
4750	-0.57765
4751	-0.53132
4752	-0.22595
4753	-0.33107
4754	-0.29252
4755	-0.10613
4756	-0.17011
4757	-0.14254
4758	-3.6037e-002
4759	-7.1962e-002
4760	-5.4404e-002
4761	3.4759e-003
4762	-1.5493e-002
4763	-5.8046e-003
4764	2.6469e-002
4765	1.6036e-002
4766	2.0043e-002
4767	4.3208e-002
4768	3.5101e-002
4769	3.4916e-002
4770	6.193e-002
4771	5.1574e-002
4772	4.7898e-002
4773	7.4099e-002
4774	6.6933e-002
4775	9.1695e-002
4776	-1.1759
4777	-1.3891
4778	-1.3587
4779	-1.6122
4780	-0.78981
4781	-0.96621
4782	-0.92485
4783	-0.48658
4784	-0.61924
4785	-0.57765
4786	-0.27302
4787	-0.36407
4788	-0.33107
4789	-0.13461
4790	-0.19253
4791	-0.17011
4792	-5.096e-002
4793	-8.5521e-002
4794	-7.1962e-002
4795	-2.9711e-003
4796	-2.2725e-002
4797	-1.5493e-002
4798	2.4621e-002
4799	1.2932e-002
4800	1.6036e-002
4801	4.3598e-002
4802	3.468e-002
4803	3.5101e-002
4804	6.3739e-002
4805	5.3054e-002
4806	5.1574e-002
4807	7.7555e-002
4808	7.4099e-002
4809	9.624e-002
4810	-1.1786
4811	-1.3891
4812	-1.3603
4813	-1.6191
4814	-0.79405
4815	-0.96621
4816	-0.92616
4817	-0.49347
4818	-0.61924
4819	-0.5806
4820	-0.2803
4821	-0.36407
4822	-0.33524
4823	-0.14093
4824	-0.19253
4825	-0.17473
4826	-5.5796e-002
4827	-8.5521e-002
4828	-7.6459e-002
4829	-6.2816e-003
4830	-2.2725e-002
4831	-1.9579e-002
4832	2.3199e-002
4833	1.2932e-002
4834	1.2767e-002
4835	4.453e-002
4836	3.468e-002
4837	3.5273e-002
4838	6.6947e-002
4839	5.3054e-002
4840	5.3838e-002
4841	7.7555e-002
4842	7.8302e-002
4843	0.10205
4844	-1.1759
4845	-1.3587
4846	-1.3587
4847	-1.6122
4848	-0.78981
4849	-0.92485
4850	-0.92485
4851	-0.48658
4852	-0.57765
4853	-0.57765
4854	-0.27302
4855	-0.33107
4856	-0.33107
4857	-0.13461
4858	-0.17011
4859	-0.17011
4860	-5.096e-002
4861	-7.1962e-002
4862	-7.1962e-002
4863	-2.9711e-003
4864	-1.5493e-002
4865	-1.5493e-002
4866	2.4621e-002
4867	1.6036e-002
4868	1.6036e-002
4869	4.3598e-002
4870	3.5101e-002
4871	3.5101e-002
4872	6.3739e-002
4873	5.1574e-002
4874	5.1574e-002
4875	7.4099e-002
4876	7.4099e-002
4877	9.624e-002
4878	-1.1061
4879	-1.2686
4880	-1.3227
4881	-1.5709
4882	-0.71109
4883	-0.80597
4884	-0.88039
4885	-0.41959
4886	-0.46984
4887	-0.53132
4888	-0.22595
4889	-0.25345
4890	-0.29252
4891	-0.10613
4892	-0.12332
4893	-0.14254
4894	-3.6037e-002
4895	-4.7357e-002
4896	-5.4404e-002
4897	3.4759e-003
4898	-4.887e-003
4899	-5.8046e-003
4900	2.6469e-002
4901	1.9784e-002
4902	2.0043e-002
4903	4.3208e-002
4904	3.6157e-002
4905	3.4916e-002
4906	6.193e-002
4907	5.08e-002
4908	4.7898e-002
4909	7.0932e-002
4910	6.6933e-002
4911	9.1695e-002
4912	-0.97155
4913	-1.0954
4914	-1.2068
4915	-1.4831
4916	-0.56722
4917	-0.59103
4918	-0.72699
4919	-0.30484
4920	-0.31258
4921	-0.39834
4922	-0.15109
4923	-0.15262
4924	-0.20115
4925	-6.4641e-002
4926	-6.7746e-002
4927	-9.0361e-002
4928	-1.6609e-002
4929	-2.0996e-002
4930	-2.7944e-002
4931	1.0566e-002
4932	5.416e-003
4933	5.4984e-003
4934	2.9148e-002
4935	2.5013e-002
4936	2.3951e-002
4937	4.3619e-002
4938	3.8512e-002
4939	3.5702e-002
4940	5.9743e-002
4941	5.0236e-002
4942	4.701e-002
4943	6.7276e-002
4944	6.3415e-002
4945	8.575e-002
4946	-0.72924
4947	-0.77758
4948	-0.97958
4949	-1.3562
4950	-0.34153
4951	-0.26843
4952	-0.45349
4953	-0.16208
4954	-0.14243
4955	-0.22112
4956	-6.9696e-002
4957	-5.821e-002
4958	-9.6315e-002
4959	-2.4504e-002
4960	-2.2357e-002
4961	-3.6258e-002
4962	-4.5991e-004
4963	-2.4776e-003
4964	-4.2951e-003
4965	1.8414e-002
4966	1.7338e-002
4967	1.5121e-002
4968	3.4225e-002
4969	3.4291e-002
4970	2.918e-002
4971	4.5044e-002
4972	4.2592e-002
4973	3.8167e-002
4974	5.7723e-002
4975	4.9901e-002
4976	4.6551e-002
4977	6.3634e-002
4978	5.9872e-002
4979	7.9805e-002
4980	-0.35426
4981	-0.57644
4982	-0.92969
4983	-2.4824e-002
4984	-7.3396e-002
4985	-8.1247e-002
4986	-6.9689e-002
4987	-3.9168e-002
4988	-5.9776e-002
4989	-6.8146e-003
4990	-1.1179e-002
4991	-1.5884e-002
4992	-1.0297e-002
4993	-1.2943e-003
4994	-2.9355e-003
4995	-6.9105e-004
4996	1.2249e-002
4997	9.2368e-003
4998	1.8639e-002
4999	3.3574e-002
5000	2.8561e-002
5001	4.2861e-002
5002	4.2691e-002
5003	3.8888e-002
5004	4.9229e-002
5005	4.7416e-002
5006	4.2376e-002
5007	4.839e-002
5008	5.5782e-002
5009	4.6133e-002
5010	4.8699e-002
5011	5.6463e-002
5012	7.529e-002
5013	5.8078e-002
5014	-0.35514
5015	-0.77839
5016	-0.57775
5017	-0.93015
5018	-2.5294e-002
5019	-7.2553e-002
5020	-0.26807
5021	-8.2123e-002
5022	-6.9378e-002
5023	-3.6844e-002
5024	-0.13926
5025	-5.6667e-002
5026	-5.8443e-003
5027	-7.5371e-003
5028	-5.3384e-002
5029	-1.0189e-002
5030	-9.0151e-003
5031	5.499e-003
5032	-1.5395e-002
5033	5.7672e-003
5034	2.9133e-003
5035	2.1158e-002
5036	7.7591e-003
5037	2.0386e-002
5038	2.5571e-002
5039	3.3774e-002
5040	2.4106e-002
5041	3.0861e-002
5042	4.1389e-002
5043	3.86e-002
5044	3.3477e-002
5045	3.4657e-002
5046	4.4044e-002
5047	4.107e-002
5048	3.7951e-002
5049	3.5169e-002
5050	4.1882e-002
5051	4.6784e-002
5052	4.2798e-002
5053	3.703e-002
5054	4.1356e-002
5055	5.2728e-002
5056	4.357e-002
5057	6.013e-002
5058	4.7953e-002
5059	-0.73032
5060	-1.0946
5061	-0.97918
5062	-1.3521
5063	-0.33914
5064	-0.58944
5065	-0.4523
5066	-0.15666
5067	-0.30649
5068	-0.21319
5069	-6.2329e-002
5070	-0.14373
5071	-8.4084e-002
5072	-1.5432e-002
5073	-5.7155e-002
5074	-2.2595e-002
5075	9.9142e-003
5076	-9.6626e-003
5077	8.8943e-003
5078	2.4426e-002
5079	1.5099e-002
5080	2.358e-002
5081	3.2986e-002
5082	2.7853e-002
5083	2.977e-002
5084	3.9568e-002
5085	3.5399e-002
5086	3.2979e-002
5087	4.8622e-002
5088	4.3341e-002
5089	3.7678e-002
5090	5.6054e-002
5091	4.6521e-002
5092	6.4178e-002
5093	-0.97092
5094	-1.2629
5095	-1.1965
5096	-1.474
5097	-0.56226
5098	-0.80236
5099	-0.7224
5100	-0.29502
5101	-0.45903
5102	-0.38132
5103	-0.13893
5104	-0.23832
5105	-0.17842
5106	-5.2054e-002
5107	-0.10749
5108	-6.9158e-002
5109	-5.355e-003
5110	-3.3609e-002
5111	-1.1532e-002
5112	1.8192e-002
5113	4.9367e-003
5114	1.559e-002
5115	3.026e-002
5116	2.4143e-002
5117	2.7359e-002
5118	3.8947e-002
5119	3.4538e-002
5120	3.276e-002
5121	5.0555e-002
5122	4.4126e-002
5123	3.8415e-002
5124	5.9489e-002
5125	4.9862e-002
5126	6.97e-002
5127	-1.0969
5128	-1.3227
5129	-1.2629
5130	-1.5493
5131	-0.69625
5132	-0.88039
5133	-0.80236
5134	-0.39626
5135	-0.53132
5136	-0.45903
5137	-0.20302
5138	-0.29252
5139	-0.23832
5140	-8.7594e-002
5141	-0.14254
5142	-0.10749
5143	-2.3118e-002
5144	-5.4404e-002
5145	-3.3609e-002
5146	1.0814e-002
5147	-5.8046e-003
5148	4.9367e-003
5149	2.8578e-002
5150	2.0043e-002
5151	2.4143e-002
5152	4.0092e-002
5153	3.4916e-002
5154	3.4538e-002
5155	5.2692e-002
5156	4.7898e-002
5157	4.4126e-002
5158	6.6933e-002
5159	5.9489e-002
5160	7.6279e-002
5161	-1.1061
5162	-1.3271
5163	-1.2686
5164	-1.5709
5165	-0.71109
5166	-0.88328
5167	-0.80597
5168	-0.41959
5169	-0.53903
5170	-0.46984
5171	-0.22595
5172	-0.30308
5173	-0.25345
5174	-0.10613
5175	-0.15351
5176	-0.12332
5177	-3.6037e-002
5178	-6.4174e-002
5179	-4.7357e-002
5180	3.4759e-003
5181	-1.3404e-002
5182	-4.887e-003
5183	2.6469e-002
5184	1.5764e-002
5185	1.9784e-002
5186	4.3208e-002
5187	3.5364e-002
5188	3.6157e-002
5189	6.193e-002
5190	5.2295e-002
5191	5.08e-002
5192	7.4822e-002
5193	7.0933e-002
5194	9.1695e-002
5195	-1.1067
5196	-1.3271
5197	-1.2693
5198	-1.5742
5199	-0.71281
5200	-0.88328
5201	-0.80671
5202	-0.42271
5203	-0.53903
5204	-0.47189
5205	-0.22986
5206	-0.30308
5207	-0.25649
5208	-0.1103
5209	-0.15351
5210	-0.1269
5211	-4.0207e-002
5212	-6.4174e-002
5213	-5.1245e-002
5214	-7.2743e-004
5215	-1.3404e-002
5216	-9.4378e-003
5217	2.4841e-002
5218	1.5764e-002
5219	1.6472e-002
5220	4.4581e-002
5221	3.5364e-002
5222	3.6677e-002
5223	6.5192e-002
5224	5.2295e-002
5225	5.3111e-002
5226	7.4822e-002
5227	7.5056e-002
5228	9.7634e-002
5229	-1.1061
5230	-1.3227
5231	-1.2686
5232	-1.5709
5233	-0.71109
5234	-0.88039
5235	-0.80597
5236	-0.41959
5237	-0.53132
5238	-0.46984
5239	-0.22595
5240	-0.29252
5241	-0.25345
5242	-0.10613
5243	-0.14254
5244	-0.12332
5245	-3.6037e-002
5246	-5.4404e-002
5247	-4.7357e-002
5248	3.4759e-003
5249	-5.8046e-003
5250	-4.887e-003
5251	2.6469e-002
5252	2.0043e-002
5253	1.9784e-002
5254	4.3208e-002
5255	3.4916e-002
5256	3.6157e-002
5257	6.193e-002
5258	4.7898e-002
5259	5.08e-002
5260	6.6933e-002
5261	7.0932e-002
5262	9.1695e-002
5263	-1.0969
5264	-1.2629
5265	-1.2629
5266	-1.5493
5267	-0.69625
5268	-0.80236
5269	-0.80236
5270	-0.39626
5271	-0.45903
5272	-0.45903
5273	-0.20302
5274	-0.23832
5275	-0.23832
5276	-8.7594e-002
5277	-0.10749
5278	-0.10749
5279	-2.3118e-002
5280	-3.3609e-002
5281	-3.3609e-002
5282	1.0814e-002
5283	4.9367e-003
5284	4.9367e-003
5285	2.8578e-002
5286	2.4143e-002
5287	2.4143e-002
5288	4.0092e-002
5289	3.4538e-002
5290	3.4538e-002
5291	5.2692e-002
5292	4.4126e-002
5293	4.4126e-002
5294	5.9489e-002
5295	5.9489e-002
5296	7.6279e-002
5297	-0.97092
5298	-1.0946
5299	-1.1965
5300	-1.474
5301	-0.56226
5302	-0.58944
5303	-0.7224
5304	-0.29502
5305	-0.30649
5306	-0.38132
5307	-0.13893
5308	-0.14373
5309	-0.17842
5310	-5.2054e-002
5311	-5.7155e-002
5312	-6.9158e-002
5313	-5.355e-003
5314	-9.6626e-003
5315	-1.1532e-002
5316	1.8192e-002
5317	1.5099e-002
5318	1.559e-002
5319	3.026e-002
5320	2.7853e-002
5321	2.7359e-002
5322	3.8947e-002
5323	3.5399e-002
5324	3.276e-002
5325	5.0555e-002
5326	4.3341e-002
5327	3.8415e-002
5328	5.6054e-002
5329	4.9862e-002
5330	6.97e-002
5331	-0.73032
5332	-0.77839
5333	-0.97918
5334	-1.3521
5335	-0.33914
5336	-0.26807
5337	-0.4523
5338	-0.15666
5339	-0.13926
5340	-0.21319
5341	-6.2329e-002
5342	-5.3384e-002
5343	-8.4084e-002
5344	-1.5432e-002
5345	-1.5395e-002
5346	-2.2595e-002
5347	9.9141e-003
5348	7.759e-003
5349	8.8943e-003
5350	2.4426e-002
5351	2.4106e-002
5352	2.358e-002
5353	3.2986e-002
5354	3.3477e-002
5355	2.977e-002
5356	3.9568e-002
5357	3.7951e-002
5358	3.2979e-002
5359	4.8622e-002
5360	4.2798e-002
5361	3.7678e-002
5362	5.2728e-002
5363	4.6521e-002
5364	6.4178e-002
5365	-0.35514
5366	-0.57775
5367	-0.93015
5368	-2.5294e-002
5369	-7.2553e-002
5370	-8.2123e-002
5371	-6.9378e-002
5372	-3.6844e-002
5373	-5.6667e-002
5374	-5.8443e-003
5375	-7.5371e-003
5376	-1.0189e-002
5377	-9.0151e-003
5378	5.499e-003
5379	5.7672e-003
5380	2.9133e-003
5381	2.1158e-002
5382	2.0386e-002
5383	2.5571e-002
5384	3.3774e-002
5385	3.0861e-002
5386	4.1389e-002
5387	3.86e-002
5388	3.4657e-002
5389	4.4044e-002
5390	4.107e-002
5391	3.5169e-002
5392	4.1882e-002
5393	4.6784e-002
5394	3.703e-002
5395	4.1356e-002
5396	4.357e-002
5397	6.013e-002
5398	4.7953e-002
5399	-0.35814
5400	-0.77947
5401	-0.57923
5402	-0.92791
5403	-2.518e-002
5404	-7.146e-002
5405	-0.26797
5406	-7.444e-002
5407	-7.0376e-002
5408	-3.0001e-002
5409	-0.13042
5410	-4.6816e-002
5411	-4.3971e-003
5412	3.2182e-003
5413	-3.8593e-002
5414	5.2951e-003
5415	-3.9487e-003
5416	1.8628e-002
5417	1.0413e-003
5418	2.0965e-002
5419	1.4231e-002
5420	2.8318e-002
5421	2.1291e-002
5422	2.8606e-002
5423	3.0347e-002
5424	3.1476e-002
5425	2.8831e-002
5426	2.9291e-002
5427	3.5889e-002
5428	3.1135e-002
5429	3.0214e-002
5430	2.6994e-002
5431	3.4359e-002
5432	3.0993e-002
5433	3.0005e-002
5434	2.4713e-002
5435	3.1122e-002
5436	3.3701e-002
5437	3.1898e-002
5438	2.4945e-002
5439	3.0153e-002
5440	3.7403e-002
5441	2.8206e-002
5442	3.9033e-002
5443	3.3773e-002
5444	-0.73223
5445	-1.0847
5446	-0.96154
5447	-1.3347
5448	-0.33235
5449	-0.58502
5450	-0.43666
5451	-0.14008
5452	-0.28582
5453	-0.18498
5454	-4.2224e-002
5455	-0.11535
5456	-5.2186e-002
5457	2.5366e-003
5458	-3.2271e-002
5459	1.5117e-003
5460	2.2017e-002
5461	7.8676e-003
5462	2.3074e-002
5463	2.8391e-002
5464	2.3968e-002
5465	2.8627e-002
5466	2.9578e-002
5467	2.8966e-002
5468	2.7673e-002
5469	3.075e-002
5470	3.0117e-002
5471	2.5422e-002
5472	3.5302e-002
5473	3.2682e-002
5474	2.568e-002
5475	4.0529e-002
5476	3.1004e-002
5477	4.2587e-002
5478	-0.95451
5479	-1.1965
5480	-1.0847
5481	-1.4327
5482	-0.53406
5483	-0.7224
5484	-0.58502
5485	-0.25366
5486	-0.38132
5487	-0.28582
5488	-0.10254
5489	-0.17842
5490	-0.11535
5491	-2.6503e-002
5492	-6.9158e-002
5493	-3.2271e-002
5494	9.738e-003
5495	-1.1532e-002
5496	7.8676e-003
5497	2.4706e-002
5498	1.559e-002
5499	2.3968e-002
5500	3.0126e-002
5501	2.7359e-002
5502	2.8966e-002
5503	3.2774e-002
5504	3.276e-002
5505	3.0117e-002
5506	3.7394e-002
5507	3.8415e-002
5508	3.2682e-002
5509	4.9862e-002
5510	4.0529e-002
5511	4.9754e-002
5512	-0.97092
5513	-1.2068
5514	-1.0946
5515	-1.474
5516	-0.56226
5517	-0.72699
5518	-0.58944
5519	-0.29502
5520	-0.39834
5521	-0.30649
5522	-0.13893
5523	-0.20115
5524	-0.14373
5525	-5.2054e-002
5526	-9.0361e-002
5527	-5.7155e-002
5528	-5.355e-003
5529	-2.7944e-002
5530	-9.6626e-003
5531	1.8192e-002
5532	5.4984e-003
5533	1.5099e-002
5534	3.026e-002
5535	2.3951e-002
5536	2.7853e-002
5537	3.8947e-002
5538	3.5702e-002
5539	3.5399e-002
5540	5.0555e-002
5541	4.701e-002
5542	4.3341e-002
5543	6.3415e-002
5544	5.6054e-002
5545	6.97e-002
5546	-0.97155
5547	-1.2078
5548	-1.0954
5549	-1.4831
5550	-0.56722
5551	-0.72842
5552	-0.59103
5553	-0.30484
5554	-0.40289
5555	-0.31258
5556	-0.15109
5557	-0.20757
5558	-0.15262
5559	-6.4641e-002
5560	-9.7755e-002
5561	-6.7746e-002
5562	-1.6609e-002
5563	-3.5785e-002
5564	-2.0996e-002
5565	1.0566e-002
5566	-2.4533e-003
5567	5.416e-003
5568	2.9148e-002
5569	1.9953e-002
5570	2.5013e-002
5571	4.3619e-002
5572	3.7175e-002
5573	3.8512e-002
5574	5.9743e-002
5575	5.1568e-002
5576	5.0236e-002
5577	7.1143e-002
5578	6.7276e-002
5579	8.575e-002
5580	-0.97158
5581	-1.2078
5582	-1.0957
5583	-1.4852
5584	-0.56819
5585	-0.72842
5586	-0.59125
5587	-0.30694
5588	-0.40289
5589	-0.3138
5590	-0.1539
5591	-0.20757
5592	-0.15466
5593	-6.7896e-002
5594	-9.7755e-002
5595	-7.0407e-002
5596	-2.0445e-002
5597	-3.5785e-002
5598	-2.4407e-002
5599	4.8355e-003
5600	-2.4533e-003
5601	-5.3327e-004
5602	2.8308e-002
5603	1.9953e-002
5604	2.3267e-002
5605	4.5208e-002
5606	3.7175e-002
5607	3.9482e-002
5608	6.2975e-002
5609	5.1568e-002
5610	5.2606e-002
5611	7.1143e-002
5612	7.131e-002
5613	9.1535e-002
5614	-0.97155
5615	-1.2068
5616	-1.0954
5617	-1.4831
5618	-0.56722
5619	-0.72699
5620	-0.59103
5621	-0.30484
5622	-0.39834
5623	-0.31258
5624	-0.15109
5625	-0.20115
5626	-0.15262
5627	-6.4641e-002
5628	-9.0361e-002
5629	-6.7746e-002
5630	-1.6609e-002
5631	-2.7944e-002
5632	-2.0996e-002
5633	1.0566e-002
5634	5.4984e-003
5635	5.416e-003
5636	2.9148e-002
5637	2.3951e-002
5638	2.5013e-002
5639	4.3619e-002
5640	3.5702e-002
5641	3.8512e-002
5642	5.9743e-002
5643	4.701e-002
5644	5.0236e-002
5645	6.3415e-002
5646	6.7276e-002
5647	8.575e-002
5648	-0.97092
5649	-1.1965
5650	-1.0946
5651	-1.474
5652	-0.56226
5653	-0.7224
5654	-0.58944
5655	-0.29502
5656	-0.38132
5657	-0.30649
5658	-0.13893
5659	-0.17842
5660	-0.14373
5661	-5.2054e-002
5662	-6.9158e-002
5663	-5.7155e-002
5664	-5.355e-003
5665	-1.1532e-002
5666	-9.6626e-003
5667	1.8192e-002
5668	1.559e-002
5669	1.5099e-002
5670	3.026e-002
5671	2.7359e-002
5672	2.7853e-002
5673	3.8947e-002
5674	3.276e-002
5675	3.5399e-002
5676	5.0555e-002
5677	3.8415e-002
5678	4.3341e-002
5679	4.9862e-002
5680	5.6054e-002
5681	6.97e-002
5682	-0.95451
5683	-1.0847
5684	-1.0847
5685	-1.4327
5686	-0.53406
5687	-0.58502
5688	-0.58502
5689	-0.25366
5690	-0.28582
5691	-0.28582
5692	-0.10254
5693	-0.11535
5694	-0.11535
5695	-2.6503e-002
5696	-3.2271e-002
5697	-3.2271e-002
5698	9.738e-003
5699	7.8676e-003
5700	7.8676e-003
5701	2.4706e-002
5702	2.3968e-002
5703	2.3968e-002
5704	3.0126e-002
5705	2.8966e-002
5706	2.8966e-002
5707	3.2774e-002
5708	3.0117e-002
5709	3.0117e-002
5710	3.7394e-002
5711	3.2682e-002
5712	3.2682e-002
5713	4.0529e-002
5714	4.0529e-002
5715	4.9754e-002
5716	-0.73223
5717	-0.77947
5718	-0.96154
5719	-1.3347
5720	-0.33235
5721	-0.26797
5722	-0.43666
5723	-0.14008
5724	-0.13042
5725	-0.18498
5726	-4.2224e-002
5727	-3.8593e-002
5728	-5.2186e-002
5729	2.5366e-003
5730	1.0412e-003
5731	1.5116e-003
5732	2.2017e-002
5733	2.1291e-002
5734	2.3074e-002
5735	2.8391e-002
5736	2.8831e-002
5737	2.8627e-002
5738	2.9578e-002
5739	3.0214e-002
5740	2.7673e-002
5741	3.075e-002
5742	3.0005e-002
5743	2.5422e-002
5744	3.5302e-002
5745	3.1898e-002
5746	2.568e-002
5747	3.7403e-002
5748	3.1004e-002
5749	4.2587e-002
5750	-0.35814
5751	-0.57923
5752	-0.92791
5753	-2.518e-002
5754	-7.146e-002
5755	-7.444e-002
5756	-7.0376e-002
5757	-3.0001e-002
5758	-4.6817e-002
5759	-4.3972e-003
5760	3.2181e-003
5761	5.2951e-003
5762	-3.9488e-003
5763	1.8628e-002
5764	2.0965e-002
5765	1.4231e-002
5766	2.8318e-002
5767	2.8606e-002
5768	3.0347e-002
5769	3.1477e-002
5770	2.9291e-002
5771	3.5889e-002
5772	3.1135e-002
5773	2.6994e-002
5774	3.4359e-002
5775	3.0993e-002
5776	2.4713e-002
5777	3.1122e-002
5778	3.3701e-002
5779	2.4945e-002
5780	3.0153e-002
5781	2.8206e-002
5782	3.9033e-002
5783	3.3773e-002
5784	-0.35481
5785	-0.76951
5786	-0.615
5787	-0.9412
5788	-2.4456e-002
5789	-5.4841e-002
5790	-0.24285
5791	-4.7476e-002
5792	-5.6715e-002
5793	-8.295e-003
5794	-9.4814e-002
5795	-1.1925e-002
5796	2.085e-003
5797	2.3972e-002
5798	-4.1012e-003
5799	2.878e-002
5800	1.238e-002
5801	3.0203e-002
5802	2.2813e-002
5803	3.0634e-002
5804	2.5077e-002
5805	2.9028e-002
5806	2.9989e-002
5807	2.7372e-002
5808	2.6826e-002
5809	2.4696e-002
5810	2.8139e-002
5811	2.1659e-002
5812	2.4532e-002
5813	2.0449e-002
5814	2.3573e-002
5815	1.6286e-002
5816	2.057e-002
5817	1.8396e-002
5818	1.9551e-002
5819	1.2616e-002
5820	1.7434e-002
5821	1.9256e-002
5822	1.8664e-002
5823	1.1999e-002
5824	1.6839e-002
5825	2.1902e-002
5826	1.4076e-002
5827	1.8198e-002
5828	1.906e-002
5829	-0.7042
5830	-0.96154
5831	-0.76951
5832	-1.2941
5833	-0.2751
5834	-0.43666
5835	-0.24285
5836	-8.6545e-002
5837	-0.18498
5838	-9.4814e-002
5839	-4.9992e-003
5840	-5.2186e-002
5841	-4.1012e-003
5842	2.2563e-002
5843	1.5117e-003
5844	2.2813e-002
5845	2.9608e-002
5846	2.3074e-002
5847	2.9989e-002
5848	2.8076e-002
5849	2.8627e-002
5850	2.8139e-002
5851	2.4115e-002
5852	2.7673e-002
5853	2.3573e-002
5854	2.0816e-002
5855	2.5422e-002
5856	1.9551e-002
5857	2.1512e-002
5858	2.568e-002
5859	1.8664e-002
5860	3.1004e-002
5861	2.1902e-002
5862	2.4127e-002
5863	-0.73223
5864	-0.97918
5865	-0.77947
5866	-1.3347
5867	-0.33235
5868	-0.4523
5869	-0.26797
5870	-0.14008
5871	-0.21319
5872	-0.13042
5873	-4.2224e-002
5874	-8.4084e-002
5875	-3.8593e-002
5876	2.5366e-003
5877	-2.2595e-002
5878	1.0412e-003
5879	2.2017e-002
5880	8.8943e-003
5881	2.1291e-002
5882	2.8391e-002
5883	2.358e-002
5884	2.8831e-002
5885	2.9578e-002
5886	2.977e-002
5887	3.0214e-002
5888	3.075e-002
5889	3.2979e-002
5890	3.0005e-002
5891	3.5302e-002
5892	3.7678e-002
5893	3.1898e-002
5894	4.6521e-002
5895	3.7403e-002
5896	4.2587e-002
5897	-0.73032
5898	-0.97958
5899	-0.77839
5900	-1.3521
5901	-0.33914
5902	-0.45349
5903	-0.26807
5904	-0.15666
5905	-0.22112
5906	-0.13926
5907	-6.2329e-002
5908	-9.6315e-002
5909	-5.3384e-002
5910	-1.5432e-002
5911	-3.6258e-002
5912	-1.5395e-002
5913	9.9142e-003
5914	-4.2951e-003
5915	7.7591e-003
5916	2.4426e-002
5917	1.5121e-002
5918	2.4106e-002
5919	3.2986e-002
5920	2.918e-002
5921	3.3477e-002
5922	3.9568e-002
5923	3.8167e-002
5924	3.7951e-002
5925	4.8622e-002
5926	4.6551e-002
5927	4.2798e-002
5928	5.9872e-002
5929	5.2728e-002
5930	6.4178e-002
5931	-0.72924
5932	-0.9793
5933	-0.77758
5934	-1.3562
5935	-0.34153
5936	-0.45386
5937	-0.26843
5938	-0.16208
5939	-0.22362
5940	-0.14243
5941	-6.9696e-002
5942	-0.10017
5943	-5.821e-002
5944	-2.4505e-002
5945	-4.1285e-002
5946	-2.2358e-002
5947	-4.5994e-004
5948	-1.102e-002
5949	-2.4776e-003
5950	1.8414e-002
5951	6.3408e-003
5952	1.7338e-002
5953	3.4225e-002
5954	2.777e-002
5955	3.4291e-002
5956	4.5044e-002
5957	4.0632e-002
5958	4.2592e-002
5959	5.7723e-002
5960	5.1237e-002
5961	4.9901e-002
5962	6.7417e-002
5963	6.3634e-002
5964	7.9805e-002
5965	-0.72894
5966	-0.9793
5967	-0.77756
5968	-1.3575
5969	-0.34192
5970	-0.45386
5971	-0.26838
5972	-0.16324
5973	-0.22362
5974	-0.14297
5975	-7.1483e-002
5976	-0.10017
5977	-5.93e-002
5978	-2.694e-002
5979	-4.1285e-002
5980	-2.4099e-002
5981	-4.4826e-003
5982	-1.102e-002
5983	-5.8521e-003
5984	1.4482e-002
5985	6.3408e-003
5986	1.3348e-002
5987	3.4442e-002
5988	2.777e-002
5989	3.4306e-002
5990	4.6881e-002
5991	4.0632e-002
5992	4.4091e-002
5993	6.0941e-002
5994	5.1237e-002
5995	5.2357e-002
5996	6.7417e-002
5997	6.756e-002
5998	8.5439e-002
5999	-0.72924
6000	-0.97958
6001	-0.77758
6002	-1.3562
6003	-0.34153
6004	-0.45349
6005	-0.26843
6006	-0.16208
6007	-0.22112
6008	-0.14243
6009	-6.9696e-002
6010	-9.6315e-002
6011	-5.821e-002
6012	-2.4505e-002
6013	-3.6258e-002
6014	-2.2358e-002
6015	-4.5993e-004
6016	-4.2951e-003
6017	-2.4777e-003
6018	1.8414e-002
6019	1.5121e-002
6020	1.7338e-002
6021	3.4225e-002
6022	2.918e-002
6023	3.4291e-002
6024	4.5044e-002
6025	3.8167e-002
6026	4.2592e-002
6027	5.7723e-002
6028	4.6551e-002
6029	4.99e-002
6030	5.9872e-002
6031	6.3634e-002
6032	7.9805e-002
6033	-0.73032
6034	-0.97918
6035	-0.77839
6036	-1.3521
6037	-0.33914
6038	-0.4523
6039	-0.26807
6040	-0.15666
6041	-0.21319
6042	-0.13926
6043	-6.2329e-002
6044	-8.4084e-002
6045	-5.3384e-002
6046	-1.5432e-002
6047	-2.2595e-002
6048	-1.5395e-002
6049	9.9142e-003
6050	8.8943e-003
6051	7.7591e-003
6052	2.4426e-002
6053	2.358e-002
6054	2.4106e-002
6055	3.2986e-002
6056	2.977e-002
6057	3.3477e-002
6058	3.9568e-002
6059	3.2979e-002
6060	3.7951e-002
6061	4.8622e-002
6062	3.7678e-002
6063	4.2798e-002
6064	4.6521e-002
6065	5.2728e-002
6066	6.4178e-002
6067	-0.73223
6068	-0.96154
6069	-0.77947
6070	-1.3347
6071	-0.33235
6072	-0.43666
6073	-0.26797
6074	-0.14008
6075	-0.18498
6076	-0.13042
6077	-4.2224e-002
6078	-5.2186e-002
6079	-3.8593e-002
6080	2.5366e-003
6081	1.5117e-003
6082	1.0412e-003
6083	2.2017e-002
6084	2.3074e-002
6085	2.1291e-002
6086	2.8391e-002
6087	2.8627e-002
6088	2.8831e-002
6089	2.9578e-002
6090	2.7673e-002
6091	3.0214e-002
6092	3.075e-002
6093	2.5422e-002
6094	3.0005e-002
6095	3.5302e-002
6096	2.568e-002
6097	3.1898e-002
6098	3.1004e-002
6099	3.7403e-002
6100	4.2587e-002
6101	-0.7042
6102	-0.76951
6103	-0.76951
6104	-1.2941
6105	-0.2751
6106	-0.24285
6107	-0.24285
6108	-8.6545e-002
6109	-9.4814e-002
6110	-9.4814e-002
6111	-4.9992e-003
6112	-4.1012e-003
6113	-4.1012e-003
6114	2.2563e-002
6115	2.2813e-002
6116	2.2813e-002
6117	2.9608e-002
6118	2.9989e-002
6119	2.9989e-002
6120	2.8076e-002
6121	2.8139e-002
6122	2.8139e-002
6123	2.4115e-002
6124	2.3573e-002
6125	2.3573e-002
6126	2.0816e-002
6127	1.9551e-002
6128	1.9551e-002
6129	2.1512e-002
6130	1.8664e-002
6131	1.8664e-002
6132	2.1902e-002
6133	2.1902e-002
6134	2.4127e-002
6135	-0.35481
6136	-0.615
6137	-0.9412
6138	-2.4456e-002
6139	-5.4841e-002
6140	-4.7476e-002
6141	-5.6715e-002
6142	-8.2951e-003
6143	-1.1925e-002
6144	2.0849e-003
6145	2.3972e-002
6146	2.878e-002
6147	1.238e-002
6148	3.0204e-002
6149	3.0634e-002
6150	2.5077e-002
6151	2.9028e-002
6152	2.7372e-002
6153	2.6826e-002
6154	2.4696e-002
6155	2.1659e-002
6156	2.4532e-002
6157	2.0449e-002
6158	1.6286e-002
6159	2.057e-002
6160	1.8396e-002
6161	1.2616e-002
6162	1.7434e-002
6163	1.9256e-002
6164	1.1999e-002
6165	1.6838e-002
6166	1.4076e-002
6167	1.8198e-002
6168	1.906e-002
6169	-0.3905
6170	-0.615
6171	-0.80337
6172	-9.0161e-002
6173	-9.0161e-002
6174	1.4453e-002
6175	-4.7476e-002
6176	8.8245e-003
6177	8.8245e-003
6178	2.9095e-002
6179	-1.1925e-002
6180	2.6939e-002
6181	2.6939e-002
6182	3.5606e-002
6183	2.878e-002
6184	2.3773e-002
6185	2.3773e-002
6186	2.7722e-002
6187	3.0634e-002
6188	1.9837e-002
6189	1.9837e-002
6190	2.0315e-002
6191	2.7372e-002
6192	1.4283e-002
6193	1.4283e-002
6194	1.3863e-002
6195	2.1659e-002
6196	9.9891e-003
6197	9.9891e-003
6198	9.0331e-003
6199	1.6286e-002
6200	6.6535e-003
6201	6.6535e-003
6202	5.9671e-003
6203	1.2616e-002
6204	4.675e-003
6205	4.6749e-003
6206	7.5057e-003
6207	1.1999e-002
6208	4.6886e-003
6209	4.6883e-003
6210	1.4076e-002
6211	5.4529e-003
6212	6.7162e-003
6213	6.7155e-003
6214	-0.35481
6215	-0.57923
6216	-0.9412
6217	-2.4456e-002
6218	-5.4841e-002
6219	-7.444e-002
6220	-5.6715e-002
6221	-8.2951e-003
6222	-4.6816e-002
6223	2.0849e-003
6224	2.3972e-002
6225	5.2951e-003
6226	1.238e-002
6227	3.0203e-002
6228	2.0965e-002
6229	2.5077e-002
6230	2.9028e-002
6231	2.8606e-002
6232	2.6826e-002
6233	2.4696e-002
6234	2.9291e-002
6235	2.4532e-002
6236	2.0449e-002
6237	2.6994e-002
6238	2.057e-002
6239	1.8396e-002
6240	2.4713e-002
6241	1.7434e-002
6242	1.9256e-002
6243	2.4945e-002
6244	1.6838e-002
6245	2.8206e-002
6246	1.8198e-002
6247	1.906e-002
6248	-0.35814
6249	-0.57775
6250	-0.92791
6251	-2.518e-002
6252	-7.1459e-002
6253	-8.2123e-002
6254	-7.0376e-002
6255	-3.0001e-002
6256	-5.6667e-002
6257	-4.3971e-003
6258	3.2181e-003
6259	-1.0189e-002
6260	-3.9488e-003
6261	1.8628e-002
6262	5.7672e-003
6263	1.4231e-002
6264	2.8318e-002
6265	2.0386e-002
6266	3.0347e-002
6267	3.1477e-002
6268	3.0861e-002
6269	3.5889e-002
6270	3.1135e-002
6271	3.4657e-002
6272	3.4359e-002
6273	3.0993e-002
6274	3.5169e-002
6275	3.1122e-002
6276	3.3701e-002
6277	3.703e-002
6278	3.0153e-002
6279	4.357e-002
6280	3.9033e-002
6281	3.3773e-002
6282	-0.35514
6283	-0.57644
6284	-0.93015
6285	-2.5294e-002
6286	-7.2553e-002
6287	-8.1247e-002
6288	-6.9378e-002
6289	-3.6844e-002
6290	-5.9776e-002
6291	-5.8443e-003
6292	-7.5371e-003
6293	-1.5884e-002
6294	-9.0151e-003
6295	5.499e-003
6296	-2.9356e-003
6297	2.9132e-003
6298	2.1158e-002
6299	9.2368e-003
6300	2.5571e-002
6301	3.3774e-002
6302	2.8561e-002
6303	4.1389e-002
6304	3.86e-002
6305	3.8888e-002
6306	4.4044e-002
6307	4.107e-002
6308	4.2376e-002
6309	4.1882e-002
6310	4.6784e-002
6311	4.6133e-002
6312	4.1355e-002
6313	5.6463e-002
6314	6.013e-002
6315	4.7953e-002
6316	-0.35426
6317	-0.5761
6318	-0.92969
6319	-2.4824e-002
6320	-7.3396e-002
6321	-8.116e-002
6322	-6.9689e-002
6323	-3.9168e-002
6324	-6.0823e-002
6325	-6.8147e-003
6326	-1.1179e-002
6327	-1.7557e-002
6328	-1.0297e-002
6329	-1.2943e-003
6330	-5.9221e-003
6331	-6.9108e-004
6332	1.2249e-002
6333	1.3743e-003
6334	1.8639e-002
6335	3.3574e-002
6336	2.5886e-002
6337	4.2861e-002
6338	4.2691e-002
6339	4.0575e-002
6340	4.9229e-002
6341	4.7416e-002
6342	4.5952e-002
6343	4.8389e-002
6344	5.5782e-002
6345	5.0989e-002
6346	4.8698e-002
6347	6.3751e-002
6348	7.529e-002
6349	5.8078e-002
6350	-0.35409
6351	-0.5761
6352	-0.92987
6353	-2.4972e-002
6354	-7.3428e-002
6355	-8.116e-002
6356	-6.9709e-002
6357	-3.958e-002
6358	-6.0823e-002
6359	-6.828e-003
6360	-1.2018e-002
6361	-1.7557e-002
6362	-1.0517e-002
6363	-3.024e-003
6364	-5.9221e-003
6365	-1.3685e-003
6366	6.3707e-003
6367	1.3743e-003
6368	1.5356e-002
6369	3.3173e-002
6370	2.5886e-002
6371	4.2973e-002
6372	4.3956e-002
6373	4.0575e-002
6374	5.0794e-002
6375	4.9567e-002
6376	4.5952e-002
6377	5.0533e-002
6378	5.8975e-002
6379	5.0989e-002
6380	5.1241e-002
6381	6.3751e-002
6382	8.076e-002
6383	6.1734e-002
6384	-0.35426
6385	-0.57644
6386	-0.92969
6387	-2.4824e-002
6388	-7.3396e-002
6389	-8.1247e-002
6390	-6.9689e-002
6391	-3.9168e-002
6392	-5.9776e-002
6393	-6.8147e-003
6394	-1.1179e-002
6395	-1.5884e-002
6396	-1.0297e-002
6397	-1.2943e-003
6398	-2.9355e-003
6399	-6.9104e-004
6400	1.2249e-002
6401	9.2368e-003
6402	1.8639e-002
6403	3.3574e-002
6404	2.8561e-002
6405	4.2861e-002
6406	4.2691e-002
6407	3.8888e-002
6408	4.9229e-002
6409	4.7416e-002
6410	4.2376e-002
6411	4.8389e-002
6412	5.5782e-002
6413	4.6133e-002
6414	4.8699e-002
6415	5.6463e-002
6416	7.529e-002
6417	5.8078e-002
6418	-0.35514
6419	-0.57775
6420	-0.93015
6421	-2.5294e-002
6422	-7.2553e-002
6423	-8.2123e-002
6424	-6.9378e-002
6425	-3.6844e-002
6426	-5.6667e-002
6427	-5.8443e-003
6428	-7.5371e-003
6429	-1.0189e-002
6430	-9.0151e-003
6431	5.499e-003
6432	5.7672e-003
6433	2.9133e-003
6434	2.1158e-002
6435	2.0386e-002
6436	2.5571e-002
6437	3.3774e-002
6438	3.0861e-002
6439	4.1389e-002
6440	3.86e-002
6441	3.4657e-002
6442	4.4044e-002
6443	4.107e-002
6444	3.5169e-002
6445	4.1882e-002
6446	4.6784e-002
6447	3.703e-002
6448	4.1356e-002
6449	4.357e-002
6450	6.013e-002
6451	4.7953e-002
6452	-0.35814
6453	-0.57923
6454	-0.92791
6455	-2.518e-002
6456	-7.146e-002
6457	-7.444e-002
6458	-7.0376e-002
6459	-3.0001e-002
6460	-4.6817e-002
6461	-4.3971e-003
6462	3.2181e-003
6463	5.2951e-003
6464	-3.9488e-003
6465	1.8628e-002
6466	2.0965e-002
6467	1.4231e-002
6468	2.8318e-002
6469	2.8606e-002
6470	3.0347e-002
6471	3.1477e-002
6472	2.9291e-002
6473	3.5889e-002
6474	3.1135e-002
6475	2.6994e-002
6476	3.4359e-002
6477	3.0993e-002
6478	2.4713e-002
6479	3.1122e-002
6480	3.3701e-002
6481	2.4945e-002
6482	3.0153e-002
6483	2.8206e-002
6484	3.9033e-002
6485	3.3773e-002
6486	-0.35481
6487	-0.615
6488	-0.9412
6489	-2.4456e-002
6490	-5.4841e-002
6491	-4.7476e-002
6492	-5.6715e-002
6493	-8.2951e-003
6494	-1.1925e-002
6495	2.0849e-003
6496	2.3972e-002
6497	2.878e-002
6498	1.238e-002
6499	3.0203e-002
6500	3.0634e-002
6501	2.5077e-002
6502	2.9028e-002
6503	2.7372e-002
6504	2.6826e-002
6505	2.4696e-002
6506	2.1659e-002
6507	2.4532e-002
6508	2.0449e-002
6509	1.6285e-002
6510	2.057e-002
6511	1.8396e-002
6512	1.2616e-002
6513	1.7434e-002
6514	1.9256e-002
6515	1.1999e-002
6516	1.6838e-002
6517	1.4076e-002
6518	1.8198e-002
6519	1.906e-002
6520	-0.3905
6521	-0.80337
6522	-9.0161e-002
6523	-9.0161e-002
6524	1.4453e-002
6525	8.8245e-003
6526	8.8245e-003
6527	2.9095e-002
6528	2.6939e-002
6529	2.6939e-002
6530	3.5606e-002
6531	2.3773e-002
6532	2.3773e-002
6533	2.7722e-002
6534	1.9837e-002
6535	1.9837e-002
6536	2.0315e-002
6537	1.4283e-002
6538	1.4283e-002
6539	1.3863e-002
6540	9.9891e-003
6541	9.9892e-003
6542	9.0331e-003
6543	6.6535e-003
6544	6.6535e-003
6545	5.967e-003
6546	4.675e-003
6547	4.675e-003
6548	7.5057e-003
6549	4.6885e-003
6550	4.6885e-003
6551	5.4528e-003
6552	6.7159e-003
6553	6.7158e-003
6554	-1.0912
6555	-1.0912
6556	-1.3367
6557	-1.3367
6558	-1.2335
6559	-1.4516
6560	-1.6
6561	-1.2343
6562	-1.448
6563	-1.5913
6564	-1.2462
6565	-1.474
6566	-1.6068
6567	-1.2503
6568	-1.484
6569	-1.6135
6570	-1.2503
6571	-1.4875
6572	-1.6157
6573	-1.2462
6574	-1.484
6575	-1.6135
6576	-1.2343
6577	-1.474
6578	-1.6068
6579	-1.2335
6580	-1.448
6581	-1.5913
6582	-1.0912
6583	-1.4516
6584	-1.6
6585	-1.0912
6586	-1.3367
6587	-1.3367
6588	-1.4516
6589	-1.2335
6590	-1.6
6591	-1.6559
6592	-1.6559
6593	-1.6808
6594	-1.6741
6595	-1.7089
6596	-1.7173
6597	-1.7205
6598	-1.7368
6599	-1.7205
6600	-1.7434
6601	-1.7089
6602	-1.7368
6603	-1.6808
6604	-1.7173
6605	-1.6559
6606	-1.6741
6607	-1.4516
6608	-1.6559
6609	-1.2335
6610	-1.6
6611	-1.448
6612	-1.2343
6613	-1.5913
6614	-1.6741
6615	-1.6808
6616	-1.7088
6617	-1.7088
6618	-1.7419
6619	-1.7601
6620	-1.7554
6621	-1.7833
6622	-1.7554
6623	-1.7909
6624	-1.7419
6625	-1.7833
6626	-1.7088
6627	-1.7601
6628	-1.6741
6629	-1.7088
6630	-1.448
6631	-1.6808
6632	-1.2343
6633	-1.5913
6634	-1.474
6635	-1.2462
6636	-1.6068
6637	-1.7173
6638	-1.7089
6639	-1.7601
6640	-1.7419
6641	-1.8002
6642	-1.8002
6643	-1.8171
6644	-1.8273
6645	-1.8171
6646	-1.8363
6647	-1.8002
6648	-1.8273
6649	-1.7601
6650	-1.8002
6651	-1.7173
6652	-1.7419
6653	-1.474
6654	-1.7089
6655	-1.2462
6656	-1.6068
6657	-1.484
6658	-1.2503
6659	-1.6135
6660	-1.7368
6661	-1.7205
6662	-1.7833
6663	-1.7554
6664	-1.8273
6665	-1.8171
6666	-1.8459
6667	-1.8459
6668	-1.8459
6669	-1.8555
6670	-1.8273
6671	-1.8459
6672	-1.7833
6673	-1.8171
6674	-1.7368
6675	-1.7554
6676	-1.484
6677	-1.7205
6678	-1.2503
6679	-1.6135
6680	-1.4875
6681	-1.2503
6682	-1.6157
6683	-1.7434
6684	-1.7205
6685	-1.7909
6686	-1.7554
6687	-1.8363
6688	-1.8171
6689	-1.8555
6690	-1.8459
6691	-1.8555
6692	-1.8555
6693	-1.8363
6694	-1.8459
6695	-1.7909
6696	-1.8171
6697	-1.7434
6698	-1.7554
6699	-1.4875
6700	-1.7205
6701	-1.2503
6702	-1.6157
6703	-1.484
6704	-1.2462
6705	-1.6135
6706	-1.7368
6707	-1.7089
6708	-1.7833
6709	-1.7419
6710	-1.8273
6711	-1.8002
6712	-1.8459
6713	-1.8273
6714	-1.8459
6715	-1.8363
6716	-1.8273
6717	-1.8273
6718	-1.7833
6719	-1.8002
6720	-1.7368
6721	-1.7419
6722	-1.484
6723	-1.7089
6724	-1.2462
6725	-1.6135
6726	-1.474
6727	-1.2343
6728	-1.6068
6729	-1.7173
6730	-1.6808
6731	-1.7601
6732	-1.7088
6733	-1.8002
6734	-1.7601
6735	-1.8171
6736	-1.7833
6737	-1.8171
6738	-1.7909
6739	-1.8002
6740	-1.7833
6741	-1.7601
6742	-1.7601
6743	-1.7173
6744	-1.7088
6745	-1.474
6746	-1.6808
6747	-1.2343
6748	-1.6068
6749	-1.448
6750	-1.2335
6751	-1.5913
6752	-1.6741
6753	-1.6559
6754	-1.7088
6755	-1.6741
6756	-1.7419
6757	-1.7173
6758	-1.7554
6759	-1.7368
6760	-1.7554
6761	-1.7434
6762	-1.7419
6763	-1.7368
6764	-1.7088
6765	-1.7173
6766	-1.6741
6767	-1.6741
6768	-1.448
6769	-1.6559
6770	-1.2335
6771	-1.5913
6772	-1.4516
6773	-1.0912
6774	-1.6
6775	-1.6559
6776	-1.4516
6777	-1.6808
6778	-1.448
6779	-1.7089
6780	-1.474
6781	-1.7205
6782	-1.484
6783	-1.7205
6784	-1.4875
6785	-1.7089
6786	-1.484
6787	-1.6808
6788	-1.474
6789	-1.6559
6790	-1.448
6791	-1.4516
6792	-1.4516
6793	-1.0912
6794	-1.6
6795	-1.0912
6796	-1.3367
6797	-1.3367
6798	-1.2335
6799	-1.6
6800	-1.2343
6801	-1.5913
6802	-1.2462
6803	-1.6068
6804	-1.2503
6805	-1.6135
6806	-1.2503
6807	-1.6157
6808	-1.2462
6809	-1.6135
6810	-1.2343
6811	-1.6068
6812	-1.2335
6813	-1.5913
6814	-1.0912
6815	-1.6
6816	-1.3367
6817	-1.3367
6818	8.8178e-003
6819	8.8179e-003
6820	1.4681e-003
6821	1.4681e-003
6822	2.8902e-002
6823	1.9322e-002
6824	1.5809e-002
6825	5.56e-002
6826	4.4284e-002
6827	4.1184e-002
6828	7.8951e-002
6829	7.1644e-002
6830	6.7349e-002
6831	9.2266e-002
6832	9.148e-002
6833	8.627e-002
6834	9.2266e-002
6835	9.8639e-002
6836	9.311e-002
6837	7.895e-002
6838	9.148e-002
6839	8.627e-002
6840	5.56e-002
6841	7.1644e-002
6842	6.7349e-002
6843	2.8902e-002
6844	4.4283e-002
6845	4.1184e-002
6846	8.8178e-003
6847	1.9322e-002
6848	1.5809e-002
6849	8.8177e-003
6850	1.4681e-003
6851	1.468e-003
6852	1.9322e-002
6853	2.8902e-002
6854	1.5809e-002
6855	3.3636e-002
6856	3.3636e-002
6857	6.0056e-002
6858	5.0328e-002
6859	8.4077e-002
6860	7.7861e-002
6861	9.7797e-002
6862	9.8294e-002
6863	9.7797e-002
6864	0.10566
6865	8.4077e-002
6866	9.8294e-002
6867	6.0056e-002
6868	7.7861e-002
6869	3.3636e-002
6870	5.0328e-002
6871	1.9322e-002
6872	3.3636e-002
6873	2.8902e-002
6874	1.5809e-002
6875	4.4283e-002
6876	5.56e-002
6877	4.1184e-002
6878	5.0328e-002
6879	6.0056e-002
6880	6.755e-002
6881	6.755e-002
6882	9.1975e-002
6883	8.559e-002
6884	0.10612
6885	0.10653
6886	0.10612
6887	0.11411
6888	9.1975e-002
6889	0.10653
6890	6.755e-002
6891	8.559e-002
6892	5.0328e-002
6893	6.755e-002
6894	4.4283e-002
6895	6.0056e-002
6896	5.56e-002
6897	4.1184e-002
6898	7.1644e-002
6899	7.8951e-002
6900	6.7349e-002
6901	7.7861e-002
6902	8.4077e-002
6903	8.559e-002
6904	9.1975e-002
6905	9.9969e-002
6906	9.9969e-002
6907	0.11449
6908	0.11361
6909	0.11449
6910	0.12138
6911	9.9969e-002
6912	0.11361
6913	8.559e-002
6914	9.9969e-002
6915	7.7861e-002
6916	9.1975e-002
6917	7.1644e-002
6918	8.4077e-002
6919	7.8951e-002
6920	6.7349e-002
6921	9.148e-002
6922	9.2266e-002
6923	8.627e-002
6924	9.8294e-002
6925	9.7797e-002
6926	0.10653
6927	0.10612
6928	0.11361
6929	0.11449
6930	0.12048
6931	0.12048
6932	0.12048
6933	0.12551
6934	0.11361
6935	0.12048
6936	0.10653
6937	0.11449
6938	9.8294e-002
6939	0.10612
6940	9.148e-002
6941	9.7797e-002
6942	9.2266e-002
6943	8.627e-002
6944	9.8639e-002
6945	9.2266e-002
6946	9.311e-002
6947	0.10566
6948	9.7797e-002
6949	0.11411
6950	0.10612
6951	0.12138
6952	0.11449
6953	0.12551
6954	0.12048
6955	0.12551
6956	0.12551
6957	0.12138
6958	0.12048
6959	0.11411
6960	0.11449
6961	0.10566
6962	0.10612
6963	9.8639e-002
6964	9.7797e-002
6965	9.2266e-002
6966	9.311e-002
6967	9.148e-002
6968	7.8951e-002
6969	8.627e-002
6970	9.8294e-002
6971	8.4077e-002
6972	0.10653
6973	9.1975e-002
6974	0.11361
6975	9.9969e-002
6976	0.12048
6977	0.11361
6978	0.12048
6979	0.12138
6980	0.11361
6981	0.11361
6982	0.10653
6983	9.9969e-002
6984	9.8294e-002
6985	9.1975e-002
6986	9.148e-002
6987	8.4077e-002
6988	7.8951e-002
6989	8.627e-002
6990	7.1644e-002
6991	5.56e-002
6992	6.7349e-002
6993	7.7861e-002
6994	6.0056e-002
6995	8.559e-002
6996	6.755e-002
6997	9.9969e-002
6998	8.559e-002
6999	0.11449
7000	0.10653
7001	0.11449
7002	0.11411
7003	9.9969e-002
7004	0.10653
7005	8.559e-002
7006	8.559e-002
7007	7.7861e-002
7008	6.755e-002
7009	7.1644e-002
7010	6.0056e-002
7011	5.56e-002
7012	6.7349e-002
7013	4.4283e-002
7014	2.8902e-002
7015	4.1184e-002
7016	5.0328e-002
7017	3.3636e-002
7018	6.755e-002
7019	5.0328e-002
7020	9.1975e-002
7021	7.7861e-002
7022	0.10612
7023	9.8294e-002
7024	0.10612
7025	0.10566
7026	9.1975e-002
7027	9.8294e-002
7028	6.755e-002
7029	7.7861e-002
7030	5.0328e-002
7031	5.0327e-002
7032	4.4283e-002
7033	3.3636e-002
7034	2.8902e-002
7035	4.1183e-002
7036	1.9322e-002
7037	8.8178e-003
7038	1.5809e-002
7039	3.3636e-002
7040	1.9322e-002
7041	6.0056e-002
7042	4.4283e-002
7043	8.4077e-002
7044	7.1644e-002
7045	9.7797e-002
7046	9.148e-002
7047	9.7797e-002
7048	9.8639e-002
7049	8.4077e-002
7050	9.148e-002
7051	6.0056e-002
7052	7.1643e-002
7053	3.3636e-002
7054	4.4283e-002
7055	1.9322e-002
7056	1.9322e-002
7057	8.8177e-003
7058	1.5809e-002
7059	8.8178e-003
7060	1.4679e-003
7061	1.4683e-003
7062	2.8902e-002
7063	1.5809e-002
7064	5.56e-002
7065	4.1183e-002
7066	7.8951e-002
7067	6.7349e-002
7068	9.2266e-002
7069	8.627e-002
7070	9.2266e-002
7071	9.311e-002
7072	7.895e-002
7073	8.627e-002
7074	5.56e-002
7075	6.7349e-002
7076	2.8902e-002
7077	4.1183e-002
7078	8.8178e-003
7079	1.5809e-002
7080	1.468e-003
7081	1.468e-003
7082	9.0658e-003
7083	3.5827e-004
7084	3.9646e-003
7085	2.8486e-002
7086	1.712e-002
7087	5.3128e-002
7088	3.6072e-002
7089	7.4722e-002
7090	5.5207e-002
7091	8.71e-002
7092	6.9063e-002
7093	8.71e-002
7094	7.4084e-002
7095	7.4722e-002
7096	6.9063e-002
7097	5.3128e-002
7098	5.5207e-002
7099	2.8486e-002
7100	3.6072e-002
7101	9.0654e-003
7102	1.7119e-002
7103	3.58e-004
7104	3.9641e-003
7105	3.5854e-004
7106	-6.9548e-004
7107	9.0661e-003
7108	3.9652e-003
7109	2.8486e-002
7110	1.712e-002
7111	5.3128e-002
7112	3.6072e-002
7113	7.4722e-002
7114	5.5207e-002
7115	8.71e-002
7116	6.9062e-002
7117	8.71e-002
7118	7.4084e-002
7119	7.4722e-002
7120	6.9063e-002
7121	5.3128e-002
7122	5.5207e-002
7123	2.8486e-002
7124	3.6072e-002
7125	9.0659e-003
7126	1.712e-002
7127	3.5831e-004
7128	3.9647e-003
7129	3.5821e-004
7130	-6.9549e-004
7131	9.0657e-003
7132	3.9646e-003
7133	2.8486e-002
7134	1.712e-002
7135	5.3128e-002
7136	3.6072e-002
7137	7.4722e-002
7138	5.5207e-002
7139	8.71e-002
7140	6.9063e-002
7141	8.71e-002
7142	7.4084e-002
7143	7.4722e-002
7144	6.9062e-002
7145	5.3128e-002
7146	5.5207e-002
7147	2.8486e-002
7148	3.6072e-002
7149	9.0658e-003
7150	1.712e-002
7151	3.5835e-004
7152	3.9647e-003
7153	3.5826e-004
7154	-6.9548e-004
7155	9.0656e-003
7156	3.9646e-003
7157	2.8486e-002
7158	1.712e-002
7159	5.3128e-002
7160	3.6072e-002
7161	7.4722e-002
7162	5.5207e-002
7163	8.71e-002
7164	6.9062e-002
7165	8.71e-002
7166	7.4084e-002
7167	7.4722e-002
7168	6.9063e-002
7169	5.3128e-002
7170	5.5207e-002
7171	2.8486e-002
7172	3.6072e-002
7173	9.0657e-003
7174	1.712e-002
7175	3.5823e-004
7176	3.9647e-003
7177	-6.9546e-004
7178	4.8615e-003
7179	1.207e-002
7180	2.7556e-003
7181	3.46e-003
7182	9.4229e-003
7183	1.4557e-003
7184	3.8224e-003
7185	9.9053e-003
7186	1.1628e-003
7187	5.086e-003
7188	1.2368e-002
7189	1.4664e-003
7190	6.8938e-003
7191	1.5748e-002
7192	2.1236e-003
7193	9.2745e-003
7194	1.8603e-002
7195	2.5276e-003
7196	1.1459e-002
7197	1.9884e-002
7198	5.4756e-003
7199	2.1159e-002
7200	1.252e-002
7201	-8.2884e-005
7202	2.1387e-002
7203	4.2354e-002
7204	4.8104e-002
7205	0.29713
7206	-4.221e-002
7207	-3.1289e-002
7208	0.6707
7209	-0.85093
7210	0.81424
7211	1.6634e-002
7212	2.4792e-002
7213	1.5894e-002
7214	2.205e-002
7215	1.8484e-002
7216	2.4173e-002
7217	2.306e-002
7218	2.9322e-002
7219	2.7474e-002
7220	3.4733e-002
7221	2.9189e-002
7222	3.6353e-002
7223	2.0756e-002
7224	2.8773e-002
7225	2.0285e-002
7226	-8.1983e-004
7227	6.0498e-004
7228	4.5213e-002
7229	0.32219
7230	-4.703e-002
7231	0.6912
7232	-0.93424
7233	3.0187e-002
7234	3.8224e-002
7235	3.0315e-002
7236	3.448e-002
7237	3.5003e-002
7238	3.8024e-002
7239	4.0995e-002
7240	4.462e-002
7241	4.3615e-002
7242	4.9274e-002
7243	3.5865e-002
7244	4.4946e-002
7245	4.8461e-003
7246	2.165e-002
7247	2.1667e-002
7248	-3.3692e-003
7249	-2.2698e-003
7250	4.7285e-002
7251	0.31529
7252	-5.0968e-002
7253	0.68793
7254	-0.93301
7255	4.2503e-002
7256	4.958e-002
7257	4.2188e-002
7258	4.3902e-002
7259	4.7653e-002
7260	4.7934e-002
7261	5.2925e-002
7262	5.4688e-002
7263	5.0626e-002
7264	5.7072e-002
7265	3.0616e-002
7266	4.5557e-002
7267	2.1754e-004
7268	7.8183e-003
7269	2.2199e-002
7270	-3.3111e-003
7271	-1.4137e-003
7272	4.7596e-002
7273	0.31519
7274	-5.0763e-002
7275	0.6878
7276	-0.93927
7277	5.0989e-002
7278	5.6045e-002
7279	4.9677e-002
7280	4.8915e-002
7281	5.5014e-002
7282	5.2919e-002
7283	5.8887e-002
7284	5.9401e-002
7285	5.2037e-002
7286	6.0016e-002
7287	2.2574e-002
7288	4.3937e-002
7289	2.4345e-004
7290	3.7975e-003
7291	2.2063e-002
7292	-3.2663e-003
7293	-1.7534e-003
7294	4.7518e-002
7295	0.31541
7296	-5.0987e-002
7297	0.68819
7298	-0.94208
7299	5.4e-002
7300	5.6045e-002
7301	5.2207e-002
7302	4.8915e-002
7303	5.737e-002
7304	5.2919e-002
7305	6.0594e-002
7306	5.9401e-002
7307	5.1958e-002
7308	6.0016e-002
7309	1.9039e-002
7310	4.3937e-002
7311	2.8166e-004
7312	3.7975e-003
7313	2.2169e-002
7314	-3.2663e-003
7315	-1.7165e-003
7316	4.7518e-002
7317	0.31537
7318	-5.0987e-002
7319	0.68819
7320	-0.94313
7321	5.0989e-002
7322	4.958e-002
7323	4.9677e-002
7324	4.3902e-002
7325	5.5014e-002
7326	4.7934e-002
7327	5.8887e-002
7328	5.4688e-002
7329	5.2037e-002
7330	5.7072e-002
7331	2.2574e-002
7332	4.5557e-002
7333	2.4347e-004
7334	7.8182e-003
7335	2.2063e-002
7336	-3.3111e-003
7337	-1.7534e-003
7338	4.7596e-002
7339	0.31541
7340	-5.0763e-002
7341	0.6878
7342	-0.94208
7343	4.2503e-002
7344	3.8224e-002
7345	4.2188e-002
7346	3.448e-002
7347	4.7653e-002
7348	3.8024e-002
7349	5.2925e-002
7350	4.462e-002
7351	5.0626e-002
7352	4.9274e-002
7353	3.0616e-002
7354	4.4946e-002
7355	2.1754e-004
7356	2.165e-002
7357	2.2199e-002
7358	-3.3692e-003
7359	-1.4137e-003
7360	4.7285e-002
7361	0.31519
7362	-5.0968e-002
7363	0.68793
7364	-0.93927
7365	3.0187e-002
7366	2.4792e-002
7367	3.0315e-002
7368	2.205e-002
7369	3.5003e-002
7370	2.4173e-002
7371	4.0995e-002
7372	2.9322e-002
7373	4.3615e-002
7374	3.4733e-002
7375	3.5865e-002
7376	3.6353e-002
7377	4.846e-003
7378	2.8773e-002
7379	2.1667e-002
7380	-8.1995e-004
7381	-2.2698e-003
7382	4.5213e-002
7383	0.31529
7384	-4.703e-002
7385	0.6912
7386	-0.93301
7387	1.6634e-002
7388	1.207e-002
7389	1.5894e-002
7390	9.423e-003
7391	1.8484e-002
7392	9.9053e-003
7393	2.306e-002
7394	1.2368e-002
7395	2.7474e-002
7396	1.5748e-002
7397	2.9188e-002
7398	1.8603e-002
7399	2.0756e-002
7400	1.9883e-002
7401	2.0285e-002
7402	1.252e-002
7403	6.0493e-004
7404	4.2354e-002
7405	0.32219
7406	-4.221e-002
7407	0.6707
7408	-0.93424
7409	4.8616e-003
7410	2.7557e-003
7411	3.46e-003
7412	1.4558e-003
7413	3.8223e-003
7414	1.1627e-003
7415	5.086e-003
7416	1.4664e-003
7417	6.8936e-003
7418	2.1235e-003
7419	9.2742e-003
7420	2.5274e-003
7421	1.1459e-002
7422	5.4754e-003
7423	2.1159e-002
7424	-8.2935e-005
7425	2.1387e-002
7426	4.8104e-002
7427	0.29713
7428	-3.1289e-002
7429	-0.85093
7430	0.81424
7431	-1.8086
7432	-2.0887
7433	-1.9359
7434	-1.9506
7435	-1.965
7436	-1.9716
7437	-1.9716
7438	-1.965
7439	-1.9506
7440	-1.9359
7441	-1.8086
7442	-2.0887
7443	-1.1576
7444	-2.0887
7445	0.4504
7446	0.81424
7447	-1.0352e-002
7448	-3.1289e-002
7449	2.0984e-002
7450	4.8104e-002
7451	-4.3945e-003
7452	-8.2906e-005
7453	-5.0672e-004
7454	5.476e-003
7455	-1.4741e-003
7456	2.5281e-003
7457	-1.0038e-003
7458	2.1239e-003
7459	-8.5944e-004
7460	1.4664e-003
7461	-6.405e-004
7462	1.1627e-003
7463	-5.6459e-004
7464	1.4558e-003
7465	2.7555e-003
7466	-1.1576
7467	-2.0887
7468	0.4504
7469	0.81424
7470	-1.0352e-002
7471	-3.1289e-002
7472	2.0984e-002
7473	4.8104e-002
7474	-4.3946e-003
7475	-8.2889e-005
7476	-5.0678e-004
7477	5.4756e-003
7478	-1.4741e-003
7479	2.5278e-003
7480	-1.0038e-003
7481	2.1238e-003
7482	-8.5948e-004
7483	1.4663e-003
7484	-6.4049e-004
7485	1.1627e-003
7486	-5.6459e-004
7487	1.4558e-003
7488	2.7556e-003
7489	0.6707
7490	0.29713
7491	-0.85093
7492	0.81424
7493	0.6912
7494	0.32219
7495	-0.93424
7496	0.68793
7497	0.31529
7498	-0.93301
7499	0.6878
7500	0.31519
7501	-0.93927
7502	0.68819
7503	0.31541
7504	-0.94208
7505	0.68819
7506	0.31537
7507	-0.94313
7508	0.6878
7509	0.31541
7510	-0.94208
7511	0.68793
7512	0.31519
7513	-0.93927
7514	0.6912
7515	0.31529
7516	-0.93301
7517	0.6707
7518	0.32219
7519	-0.93424
7520	0.29713
7521	-0.85093
7522	-4.221e-002
7523	2.1387e-002
7524	-3.1289e-002
7525	-4.703e-002
7526	6.05e-004
7527	-5.0968e-002
7528	-2.2698e-003
7529	-5.0763e-002
7530	-1.4138e-003
7531	-5.0987e-002
7532	-1.7534e-003
7533	-5.0987e-002
7534	-1.7166e-003
7535	-5.0763e-002
7536	-1.7533e-003
7537	-5.0968e-002
7538	-1.4137e-003
7539	-4.703e-002
7540	-2.2698e-003
7541	-4.221e-002
7542	6.0495e-004
7543	2.1387e-002
7544	4.2354e-002
7545	2.1159e-002
7546	4.8104e-002
7547	4.5213e-002
7548	2.0285e-002
7549	4.7285e-002
7550	2.1667e-002
7551	4.7596e-002
7552	2.2199e-002
7553	4.7518e-002
7554	2.2063e-002
7555	4.7518e-002
7556	2.2169e-002
7557	4.7596e-002
7558	2.2063e-002
7559	4.7285e-002
7560	2.2199e-002
7561	4.5213e-002
7562	2.1667e-002
7563	4.2354e-002
7564	2.0285e-002
7565	2.1159e-002
7566	1.252e-002
7567	1.1459e-002
7568	-8.2922e-005
7569	-8.1993e-004
7570	2.0756e-002
7571	-3.3692e-003
7572	4.846e-003
7573	-3.3111e-003
7574	2.1757e-004
7575	-3.2663e-003
7576	2.4342e-004
7577	-3.2663e-003
7578	2.8165e-004
7579	-3.3111e-003
7580	2.4352e-004
7581	-3.3692e-003
7582	2.1755e-004
7583	-8.1996e-004
7584	4.846e-003
7585	1.252e-002
7586	2.0756e-002
7587	1.1459e-002
7588	1.9884e-002
7589	9.2746e-003
7590	5.4756e-003
7591	2.8773e-002
7592	2.9189e-002
7593	2.165e-002
7594	3.5865e-002
7595	7.8183e-003
7596	3.0616e-002
7597	3.7974e-003
7598	2.2574e-002
7599	3.7975e-003
7600	1.9039e-002
7601	7.8183e-003
7602	2.2574e-002
7603	2.165e-002
7604	3.0616e-002
7605	2.8773e-002
7606	3.5865e-002
7607	1.9884e-002
7608	2.9189e-002
7609	9.2746e-003
7610	1.8603e-002
7611	6.894e-003
7612	2.5278e-003
7613	3.6353e-002
7614	2.7474e-002
7615	4.4946e-002
7616	4.3616e-002
7617	4.5557e-002
7618	5.0626e-002
7619	4.3937e-002
7620	5.2037e-002
7621	4.3937e-002
7622	5.1958e-002
7623	4.5557e-002
7624	5.2037e-002
7625	4.4946e-002
7626	5.0626e-002
7627	3.6353e-002
7628	4.3615e-002
7629	1.8603e-002
7630	2.7474e-002
7631	6.894e-003
7632	1.5748e-002
7633	5.0861e-003
7634	2.1237e-003
7635	3.4733e-002
7636	2.306e-002
7637	4.9275e-002
7638	4.0995e-002
7639	5.7072e-002
7640	5.2925e-002
7641	6.0016e-002
7642	5.8887e-002
7643	6.0016e-002
7644	6.0594e-002
7645	5.7072e-002
7646	5.8887e-002
7647	4.9274e-002
7648	5.2925e-002
7649	3.4733e-002
7650	4.0995e-002
7651	1.5748e-002
7652	2.306e-002
7653	5.0861e-003
7654	1.2368e-002
7655	3.8224e-003
7656	1.4664e-003
7657	2.9322e-002
7658	1.8484e-002
7659	4.462e-002
7660	3.5003e-002
7661	5.4688e-002
7662	4.7653e-002
7663	5.9401e-002
7664	5.5014e-002
7665	5.9401e-002
7666	5.737e-002
7667	5.4688e-002
7668	5.5014e-002
7669	4.462e-002
7670	4.7653e-002
7671	2.9323e-002
7672	3.5003e-002
7673	1.2368e-002
7674	1.8484e-002
7675	3.8223e-003
7676	9.9054e-003
7677	3.46e-003
7678	1.1628e-003
7679	2.4173e-002
7680	1.5894e-002
7681	3.8024e-002
7682	3.0315e-002
7683	4.7934e-002
7684	4.2188e-002
7685	5.2919e-002
7686	4.9677e-002
7687	5.2919e-002
7688	5.2207e-002
7689	4.7934e-002
7690	4.9677e-002
7691	3.8024e-002
7692	4.2188e-002
7693	2.4173e-002
7694	3.0315e-002
7695	9.9053e-003
7696	1.5894e-002
7697	3.46e-003
7698	9.423e-003
7699	4.8616e-003
7700	1.4558e-003
7701	2.205e-002
7702	1.6634e-002
7703	3.448e-002
7704	3.0187e-002
7705	4.3902e-002
7706	4.2503e-002
7707	4.8915e-002
7708	5.0989e-002
7709	4.8915e-002
7710	5.4e-002
7711	4.3902e-002
7712	5.0989e-002
7713	3.448e-002
7714	4.2503e-002
7715	2.205e-002
7716	3.0187e-002
7717	9.423e-003
7718	1.6634e-002
7719	4.8616e-003
7720	1.207e-002
7721	2.7556e-003
7722	2.4792e-002
7723	3.8224e-002
7724	4.958e-002
7725	5.6045e-002
7726	5.6045e-002
7727	4.958e-002
7728	3.8224e-002
7729	2.4792e-002
7730	1.207e-002
7731	-1.8086
7732	-1.9359
7733	-1.9506
7734	-1.965
7735	-1.9716
7736	-1.9716
7737	-1.965
7738	-1.9506
7739	-1.9359
7740	-1.8086
7741	-2.0887
7742	-1.1576
7743	-2.0887
7744	0.4504
7745	0.81424
7746	-1.0352e-002
7747	-3.1289e-002
7748	2.0984e-002
7749	4.8104e-002
7750	-4.3946e-003
7751	-8.2824e-005
7752	-5.0687e-004
7753	5.4755e-003
7754	-1.4741e-003
7755	2.5277e-003
7756	-1.0037e-003
7757	2.1237e-003
7758	-8.5937e-004
7759	1.4665e-003
7760	-6.405e-004
7761	1.1627e-003
7762	-5.6466e-004
7763	1.4557e-003
7764	2.7556e-003
7765	0.6707
7766	0.29713
7767	-0.85093
7768	0.81424
7769	0.6912
7770	0.32219
7771	-0.93424
7772	0.68793
7773	0.31529
7774	-0.93301
7775	0.6878
7776	0.31519
7777	-0.93927
7778	0.68819
7779	0.31541
7780	-0.94208
7781	0.68819
7782	0.31537
7783	-0.94313
7784	0.6878
7785	0.31541
7786	-0.94208
7787	0.68793
7788	0.31519
7789	-0.93927
7790	0.6912
7791	0.31529
7792	-0.93301
7793	0.6707
7794	0.32219
7795	-0.93424
7796	0.29713
7797	-0.85093
7798	-4.221e-002
7799	2.1387e-002
7800	-3.1289e-002
7801	-4.703e-002
7802	6.0497e-004
7803	-5.0968e-002
7804	-2.2698e-003
7805	-5.0763e-002
7806	-1.4137e-003
7807	-5.0987e-002
7808	-1.7534e-003
7809	-5.0987e-002
7810	-1.7165e-003
7811	-5.0763e-002
7812	-1.7534e-003
7813	-5.0968e-002
7814	-1.4138e-003
7815	-4.703e-002
7816	-2.2698e-003
7817	-4.221e-002
7818	6.0495e-004
7819	2.1387e-002
7820	4.2354e-002
7821	2.1159e-002
7822	4.8104e-002
7823	4.5213e-002
7824	2.0285e-002
7825	4.7285e-002
7826	2.1667e-002
7827	4.7596e-002
7828	2.2199e-002
7829	4.7518e-002
7830	2.2063e-002
7831	4.7518e-002
7832	2.2169e-002
7833	4.7596e-002
7834	2.2063e-002
7835	4.7285e-002
7836	2.2199e-002
7837	4.5213e-002
7838	2.1667e-002
7839	4.2354e-002
7840	2.0285e-002
7841	2.1159e-002
7842	1.252e-002
7843	1.1459e-002
7844	-8.2855e-005
7845	-8.1988e-004
7846	2.0756e-002
7847	-3.3692e-003
7848	4.846e-003
7849	-3.3111e-003
7850	2.1755e-004
7851	-3.2664e-003
7852	2.4345e-004
7853	-3.2663e-003
7854	2.8168e-004
7855	-3.3111e-003
7856	2.4343e-004
7857	-3.3692e-003
7858	2.1754e-004
7859	-8.1995e-004
7860	4.8459e-003
7861	1.252e-002
7862	2.0756e-002
7863	1.1459e-002
7864	1.9884e-002
7865	9.2746e-003
7866	5.4756e-003
7867	2.8773e-002
7868	2.9189e-002
7869	2.165e-002
7870	3.5865e-002
7871	7.8182e-003
7872	3.0616e-002
7873	3.7975e-003
7874	2.2574e-002
7875	3.7975e-003
7876	1.9039e-002
7877	7.8183e-003
7878	2.2574e-002
7879	2.165e-002
7880	3.0616e-002
7881	2.8773e-002
7882	3.5865e-002
7883	1.9884e-002
7884	2.9189e-002
7885	9.2745e-003
7886	1.8603e-002
7887	6.8939e-003
7888	2.5277e-003
7889	3.6353e-002
7890	2.7474e-002
7891	4.4946e-002
7892	4.3615e-002
7893	4.5557e-002
7894	5.0626e-002
7895	4.3937e-002
7896	5.2037e-002
7897	4.3937e-002
7898	5.1958e-002
7899	4.5557e-002
7900	5.2037e-002
7901	4.4946e-002
7902	5.0626e-002
7903	3.6353e-002
7904	4.3615e-002
7905	1.8603e-002
7906	2.7474e-002
7907	6.8939e-003
7908	1.5748e-002
7909	5.086e-003
7910	2.1237e-003
7911	3.4733e-002
7912	2.306e-002
7913	4.9274e-002
7914	4.0995e-002
7915	5.7072e-002
7916	5.2925e-002
7917	6.0016e-002
7918	5.8887e-002
7919	6.0016e-002
7920	6.0594e-002
7921	5.7072e-002
7922	5.8887e-002
7923	4.9274e-002
7924	5.2925e-002
7925	3.4733e-002
7926	4.0995e-002
7927	1.5748e-002
7928	2.306e-002
7929	5.0861e-003
7930	1.2368e-002
7931	3.8223e-003
7932	1.4663e-003
7933	2.9322e-002
7934	1.8484e-002
7935	4.462e-002
7936	3.5003e-002
7937	5.4688e-002
7938	4.7654e-002
7939	5.9401e-002
7940	5.5014e-002
7941	5.9401e-002
7942	5.737e-002
7943	5.4688e-002
7944	5.5014e-002
7945	4.462e-002
7946	4.7653e-002
7947	2.9323e-002
7948	3.5003e-002
7949	1.2368e-002
7950	1.8484e-002
7951	3.8224e-003
7952	9.9053e-003
7953	3.4601e-003
7954	1.1628e-003
7955	2.4173e-002
7956	1.5894e-002
7957	3.8024e-002
7958	3.0315e-002
7959	4.7934e-002
7960	4.2188e-002
7961	5.2919e-002
7962	4.9677e-002
7963	5.2919e-002
7964	5.2207e-002
7965	4.7934e-002
7966	4.9677e-002
7967	3.8024e-002
7968	4.2188e-002
7969	2.4173e-002
7970	3.0315e-002
7971	9.9053e-003
7972	1.5894e-002
7973	3.4599e-003
7974	9.4232e-003
7975	4.862e-003
7976	1.4559e-003
7977	2.205e-002
7978	1.6635e-002
7979	3.448e-002
7980	3.0188e-002
7981	4.3902e-002
7982	4.2503e-002
7983	4.8915e-002
7984	5.0989e-002
7985	4.8915e-002
7986	5.4e-002
7987	4.3902e-002
7988	5.0989e-002
7989	3.448e-002
7990	4.2503e-002
7991	2.205e-002
7992	3.0187e-002
7993	9.4229e-003
7994	1.6634e-002
7995	4.8615e-003
7996	1.207e-002
7997	2.756e-003
7998	2.4792e-002
7999	3.8224e-002
8000	4.958e-002
8001	5.6045e-002
8002	5.6045e-002
8003	4.958e-002
8004	3.8224e-002
8005	2.4792e-002
8006	1.207e-002
8007	-1.8086
8008	-1.9359
8009	-1.9506
8010	-1.965
8011	-1.9716
8012	-1.9716
8013	-1.965
8014	-1.9506
8015	-1.9359
8016	-1.8086
8017	-2.0887
8018	-1.1576
8019	-2.0887
8020	0.4504
8021	0.81424
8022	-1.0352e-002
8023	-3.1289e-002
8024	2.0984e-002
8025	4.8104e-002
8026	-4.3945e-003
8027	-8.2867e-005
8028	-5.0678e-004
8029	5.4757e-003
8030	-1.4741e-003
8031	2.5276e-003
8032	-1.0038e-003
8033	2.1238e-003
8034	-8.5947e-004
8035	1.4665e-003
8036	-6.4053e-004
8037	1.1627e-003
8038	-5.6463e-004
8039	1.4555e-003
8040	2.7551e-003
8041	1.2069e-002
8042	4.861e-003
8043	2.4792e-002
8044	1.6634e-002
8045	3.8224e-002
8046	3.0187e-002
8047	4.958e-002
8048	4.2503e-002
8049	5.6045e-002
8050	5.0989e-002
8051	5.6045e-002
8052	5.4e-002
8053	4.958e-002
8054	5.0989e-002
8055	3.8224e-002
8056	4.2503e-002
8057	2.4792e-002
8058	3.0187e-002
8059	1.207e-002
8060	1.6634e-002
8061	4.8615e-003
8062	9.4226e-003
8063	3.4597e-003
8064	2.205e-002
8065	1.5894e-002
8066	3.448e-002
8067	3.0315e-002
8068	4.3902e-002
8069	4.2188e-002
8070	4.8915e-002
8071	4.9677e-002
8072	4.8915e-002
8073	5.2207e-002
8074	4.3902e-002
8075	4.9677e-002
8076	3.448e-002
8077	4.2188e-002
8078	2.205e-002
8079	3.0315e-002
8080	9.4229e-003
8081	1.5894e-002
8082	3.4599e-003
8083	9.9052e-003
8084	3.8224e-003
8085	2.4173e-002
8086	1.8484e-002
8087	3.8024e-002
8088	3.5003e-002
8089	4.7934e-002
8090	4.7654e-002
8091	5.2919e-002
8092	5.5014e-002
8093	5.2919e-002
8094	5.737e-002
8095	4.7934e-002
8096	5.5014e-002
8097	3.8024e-002
8098	4.7653e-002
8099	2.4173e-002
8100	3.5003e-002
8101	9.9053e-003
8102	1.8484e-002
8103	3.8224e-003
8104	1.2368e-002
8105	5.0862e-003
8106	2.9323e-002
8107	2.306e-002
8108	4.462e-002
8109	4.0995e-002
8110	5.4688e-002
8111	5.2925e-002
8112	5.9401e-002
8113	5.8887e-002
8114	5.9401e-002
8115	6.0594e-002
8116	5.4688e-002
8117	5.8887e-002
8118	4.462e-002
8119	5.2925e-002
8120	2.9322e-002
8121	4.0995e-002
8122	1.2368e-002
8123	2.306e-002
8124	5.0862e-003
8125	1.5748e-002
8126	6.8939e-003
8127	3.4733e-002
8128	2.7474e-002
8129	4.9275e-002
8130	4.3616e-002
8131	5.7072e-002
8132	5.0626e-002
8133	6.0016e-002
8134	5.2037e-002
8135	6.0016e-002
8136	5.1958e-002
8137	5.7072e-002
8138	5.2037e-002
8139	4.9275e-002
8140	5.0626e-002
8141	3.4733e-002
8142	4.3616e-002
8143	1.5748e-002
8144	2.7475e-002
8145	6.8943e-003
8146	1.8603e-002
8147	9.2746e-003
8148	3.6353e-002
8149	2.9189e-002
8150	4.4946e-002
8151	3.5865e-002
8152	4.5557e-002
8153	3.0616e-002
8154	4.3937e-002
8155	2.2574e-002
8156	4.3937e-002
8157	1.9039e-002
8158	4.5557e-002
8159	2.2574e-002
8160	4.4946e-002
8161	3.0616e-002
8162	3.6354e-002
8163	3.5866e-002
8164	1.8604e-002
8165	2.9189e-002
8166	9.275e-003
8167	1.9884e-002
8168	1.1459e-002
8169	2.8773e-002
8170	2.0756e-002
8171	2.165e-002
8172	4.846e-003
8173	7.8182e-003
8174	2.1756e-004
8175	3.7975e-003
8176	2.4348e-004
8177	3.7975e-003
8178	2.8169e-004
8179	7.8183e-003
8180	2.4348e-004
8181	2.165e-002
8182	2.1752e-004
8183	2.8773e-002
8184	4.8461e-003
8185	1.9884e-002
8186	2.0756e-002
8187	1.146e-002
8188	1.252e-002
8189	2.1159e-002
8190	-8.1991e-004
8191	2.0285e-002
8192	-3.3692e-003
8193	2.1667e-002
8194	-3.3111e-003
8195	2.2199e-002
8196	-3.2663e-003
8197	2.2063e-002
8198	-3.2663e-003
8199	2.2169e-002
8200	-3.3111e-003
8201	2.2063e-002
8202	-3.3693e-003
8203	2.2199e-002
8204	-8.1991e-004
8205	2.1667e-002
8206	1.252e-002
8207	2.0285e-002
8208	2.1159e-002
8209	4.2354e-002
8210	2.1387e-002
8211	4.5213e-002
8212	6.0498e-004
8213	4.7285e-002
8214	-2.2698e-003
8215	4.7596e-002
8216	-1.4138e-003
8217	4.7518e-002
8218	-1.7534e-003
8219	4.7518e-002
8220	-1.7166e-003
8221	4.7596e-002
8222	-1.7534e-003
8223	4.7285e-002
8224	-1.4137e-003
8225	4.5213e-002
8226	-2.2698e-003
8227	4.2354e-002
8228	6.05e-004
8229	2.1387e-002
8230	-4.221e-002
8231	0.29713
8232	-4.703e-002
8233	0.32219
8234	-5.0968e-002
8235	0.31529
8236	-5.0763e-002
8237	0.31519
8238	-5.0987e-002
8239	0.31541
8240	-5.0987e-002
8241	0.31537
8242	-5.0763e-002
8243	0.31541
8244	-5.0968e-002
8245	0.31519
8246	-4.703e-002
8247	0.31529
8248	-4.221e-002
8249	0.32219
8250	0.29713
8251	0.6707
8252	-0.85093
8253	0.6912
8254	-0.93424
8255	0.68793
8256	-0.93301
8257	0.6878
8258	-0.93927
8259	0.68819
8260	-0.94208
8261	0.68819
8262	-0.94313
8263	0.6878
8264	-0.94208
8265	0.68793
8266	-0.93927
8267	0.6912
8268	-0.93301
8269	0.6707
8270	-0.93424
8271	-0.85093
8272	-1.8086
8273	-1.9359
8274	-1.9506
8275	-1.965
8276	-1.9716
8277	-1.9716
8278	-1.965
8279	-1.9506
8280	-1.9359
8281	-1.8086
